Animal_ID,Species,Age_Years,Weight_kg,Body_Temperature_C,Activity_Level,Movement_Duration_min,GPS_Distance_km,Health_Status,Risk_Level
A00001,Cattle,11.1,598.2,40.9,9.2,25.0,0.06,Possible Infection,High
A00002,Cattle,6.8,443.3,38.9,51.6,268.0,3.42,Healthy,Healthy
A00003,Buffalo,11.1,482.3,38.5,58.2,177.0,3.64,Healthy,Healthy
A00004,Buffalo,17.5,777.8,38.8,79.3,304.0,5.98,Healthy,Healthy
A00005,Goat,3.6,59.6,38.6,100.0,436.0,1.21,Healthy,Healthy
A00006,Goat,4.2,22.9,41.1,24.6,100.0,0.11,Fever,Medium
A00007,Goat,9.3,41.5,40.6,17.8,33.0,0.16,Fever,Medium
A00008,Cattle,3.8,340.3,38.4,4.9,57.0,0.22,Inactive,Medium
A00009,Goat,1.6,42.3,39.5,49.8,352.0,2.21,Healthy,Healthy
A00010,Cattle,10.7,481.0,39.2,91.6,256.0,4.44,Healthy,Healthy
A00011,Buffalo,5.4,851.3,38.3,83.1,219.0,4.55,Healthy,Healthy
A00012,Buffalo,9.9,452.1,41.6,17.4,41.0,0.06,Fever,High
A00013,Cattle,3.0,648.6,40.4,20.6,47.0,0.57,Fever,Medium
A00014,Buffalo,4.7,449.2,38.9,78.7,324.0,2.85,Healthy,Healthy
A00015,Cattle,13.5,604.1,38.8,76.5,242.0,6.06,Healthy,Healthy
A00016,Goat,6.9,32.9,41.3,21.3,66.0,0.3,Fever,Medium
A00017,Buffalo,9.1,492.8,39.8,21.6,44.0,0.34,Fever,Medium
A00018,Cattle,5.1,388.6,39.8,100.0,136.0,0.44,Stress,Low
A00019,Buffalo,6.8,549.4,38.8,13.3,30.0,0.13,Inactive,Medium
A00020,Cattle,1.9,590.0,38.0,68.4,338.0,2.97,Healthy,Healthy
A00021,Buffalo,4.3,723.4,38.6,8.4,48.0,0.03,Inactive,Low
A00022,Cattle,12.6,647.4,41.7,3.3,1.0,0.13,Possible Infection,High
A00023,Goat,6.8,55.2,38.9,13.5,15.0,0.03,Inactive,Low
A00024,Cattle,6.8,494.6,38.8,80.3,196.0,3.71,Healthy,Healthy
A00025,Cattle,9.8,316.5,38.8,65.4,373.0,4.25,Healthy,Healthy
A00026,Goat,1.1,26.5,38.6,54.0,402.0,0.75,Healthy,Healthy
A00027,Buffalo,15.9,764.4,40.1,21.0,72.0,0.33,Fever,Medium
A00028,Goat,5.3,78.4,40.4,83.1,172.0,0.19,Stress,Medium
A00029,Goat,7.7,46.4,41.8,33.8,99.0,0.22,Fever,High
A00030,Cattle,5.6,355.1,39.5,100.0,130.0,0.24,Stress,Low
A00031,Cattle,14.8,492.9,39.2,91.2,414.0,3.6,Healthy,Healthy
A00032,Cattle,2.2,358.7,38.8,81.0,353.0,7.78,Healthy,Healthy
A00033,Goat,11.6,23.4,39.7,,368.0,4.33,Healthy,Healthy
A00034,Buffalo,16.3,432.0,40.2,,83.0,0.09,Fever,Medium
A00035,Cattle,1.6,777.6,41.9,30.0,55.0,0.53,Fever,High
A00036,Goat,0.6,45.7,39.5,99.2,247.0,2.9,Healthy,Healthy
A00037,Cattle,4.5,329.5,39.3,94.4,339.0,6.25,Healthy,Healthy
A00038,Buffalo,6.8,459.5,41.2,21.3,81.0,0.26,Fever,High
A00039,Cattle,0.9,685.0,38.3,49.2,192.0,3.54,Healthy,Healthy
A00040,Cattle,11.9,497.6,38.8,89.3,463.0,1.86,Healthy,Healthy
A00041,Goat,4.1,63.7,38.7,54.8,248.0,1.13,Healthy,Healthy
A00042,Cattle,3.0,394.7,40.1,17.0,56.0,0.0,Fever,Medium
A00043,Buffalo,14.5,718.2,38.6,47.8,205.0,2.85,Healthy,Healthy
A00044,Goat,3.3,59.0,39.7,,356.0,0.84,Healthy,Healthy
A00045,Cattle,5.2,401.9,39.1,73.4,384.0,6.76,Healthy,Healthy
A00046,Goat,1.8,44.9,38.9,82.5,369.0,1.9,Healthy,Healthy
A00047,Cattle,2.8,389.1,39.1,49.6,337.0,3.9,Healthy,Healthy
A00048,Cattle,10.2,766.1,38.7,72.1,265.0,6.11,Healthy,Healthy
A00049,Cattle,9.4,438.6,38.6,70.7,199.0,3.47,Healthy,Healthy
A00050,Buffalo,7.7,578.3,38.8,76.7,413.0,1.67,Healthy,Healthy
A00051,Goat,9.6,32.5,39.5,82.9,362.0,1.91,Healthy,Healthy
A00052,Cattle,4.9,680.3,38.7,56.8,445.0,3.72,Healthy,Healthy
A00053,Goat,4.2,32.3,41.6,35.7,99.0,0.23,Fever,High
A00054,Goat,9.9,29.8,39.5,55.5,324.0,3.79,Healthy,Healthy
A00055,Buffalo,10.0,520.6,38.8,8.3,15.0,0.35,Inactive,Medium
A00056,Cattle,14.0,583.2,39.8,100.0,137.0,0.19,Stress,Medium
A00057,Goat,1.6,101.6,39.0,54.0,289.0,3.69,Healthy,Healthy
A00058,Cattle,7.1,415.4,38.6,5.2,23.0,0.25,Inactive,Medium
A00059,Cattle,3.1,779.2,40.2,36.0,72.0,0.36,Fever,Medium
A00060,Cattle,1.0,535.3,38.6,49.9,419.0,3.97,Healthy,Healthy
A00061,Cattle,13.0,766.0,38.8,66.8,194.0,2.17,Healthy,Healthy
A00062,Cattle,12.1,383.6,38.9,57.6,208.0,2.82,Healthy,Healthy
A00063,Buffalo,5.6,849.8,38.2,78.6,364.0,2.59,Healthy,Healthy
A00064,Buffalo,10.2,621.1,38.1,84.1,357.0,1.61,Healthy,Healthy
A00065,Cattle,4.4,564.1,38.2,85.9,471.0,4.7,Healthy,Healthy
A00066,Cattle,9.9,710.0,40.6,15.2,54.0,0.56,Fever,Medium
A00067,Cattle,6.6,488.4,41.1,7.6,0.0,0.0,Possible Infection,High
A00068,Goat,6.9,46.6,39.3,97.0,433.0,1.35,Healthy,Healthy
A00069,Cattle,2.0,337.4,39.0,6.5,22.0,0.03,Inactive,Medium
A00070,Cattle,2.5,780.8,41.7,3.7,27.0,0.24,Possible Infection,High
A00071,Goat,6.0,39.6,38.5,86.6,,4.15,Healthy,Healthy
A00072,Goat,7.3,40.5,38.6,54.1,411.0,1.67,Healthy,Healthy
A00073,Goat,7.6,75.3,38.6,94.6,207.0,4.12,Healthy,Healthy
A00074,Cattle,9.6,733.4,39.2,84.6,304.0,3.87,Healthy,Healthy
A00075,Cattle,3.9,311.4,38.8,55.7,461.0,6.74,Healthy,Healthy
A00076,Cattle,3.9,768.0,42.1,6.3,22.0,0.0,Possible Infection,High
A00077,Cattle,14.6,740.0,38.9,78.7,223.0,6.95,Healthy,Healthy
A00078,Buffalo,15.9,537.5,38.0,81.1,404.0,5.72,Healthy,Healthy
A00079,Cattle,4.3,657.5,38.3,73.9,198.0,7.08,Healthy,Healthy
A00080,Cattle,8.7,435.2,42.1,32.5,86.0,0.53,Fever,High
A00081,Buffalo,13.7,477.5,41.3,13.0,79.0,0.43,Fever,High
A00082,Goat,3.3,56.9,41.6,34.6,55.0,0.06,Fever,High
A00083,Goat,11.3,67.2,39.3,52.6,375.0,1.92,Healthy,Healthy
A00084,Cattle,5.2,541.7,38.9,78.9,317.0,3.01,Healthy,Healthy
A00085,Cattle,10.4,626.1,39.2,67.3,371.0,3.71,Healthy,Healthy
A00086,Cattle,5.8,728.8,41.2,36.4,52.0,0.51,Fever,High
A00087,Buffalo,1.1,866.7,38.4,38.8,182.0,4.63,Healthy,Healthy
A00088,Buffalo,14.5,555.1,38.4,34.8,175.0,2.93,Healthy,Healthy
A00089,Goat,0.8,52.3,39.7,4.3,33.0,0.11,Inactive,Medium
A00090,Cattle,1.0,329.1,38.5,52.5,357.0,5.92,Healthy,Healthy
A00091,Cattle,1.3,574.1,42.2,11.2,15.0,0.33,Possible Infection,High
A00092,Buffalo,1.9,426.7,38.0,2.6,43.0,0.17,Inactive,Medium
A00093,Cattle,10.9,408.6,41.6,16.8,38.0,0.3,Fever,High
A00094,Cattle,5.9,798.2,38.0,91.0,345.0,4.01,Healthy,Healthy
A00095,Buffalo,4.2,718.4,40.7,6.9,26.0,0.0,Possible Infection,High
A00096,Goat,6.3,44.9,39.3,56.3,323.0,4.31,Healthy,Healthy
A00097,Cattle,7.1,407.5,42.5,4.1,13.0,0.18,Possible Infection,High
A00098,Cattle,12.2,598.8,40.0,82.9,86.0,0.23,Stress,Low
A00099,Cattle,1.1,378.8,38.6,72.4,321.0,5.73,Healthy,Healthy
A00100,Goat,8.2,45.8,39.5,59.4,420.0,3.85,Healthy,Healthy
A00101,Goat,0.7,90.7,41.0,31.9,68.0,0.17,Fever,Medium
A00102,Goat,6.9,73.3,39.6,9.5,29.0,0.06,Inactive,Medium
A00103,Cattle,0.6,455.9,38.8,62.5,312.0,2.68,Healthy,Healthy
A00104,Buffalo,8.6,586.4,41.5,17.3,66.0,0.0,Fever,High
A00105,Buffalo,13.9,805.2,41.8,11.5,81.0,0.11,Fever,High
A00106,Cattle,8.3,450.7,38.8,10.5,,0.0,Inactive,Low
A00107,Goat,6.9,37.9,39.5,77.7,216.0,3.04,Healthy,Healthy
A00108,Cattle,9.4,505.7,39.1,91.3,285.0,2.78,Healthy,Healthy
A00109,Buffalo,11.4,619.9,38.6,78.2,208.0,1.44,Healthy,Healthy
A00110,Cattle,9.1,559.4,39.4,51.0,391.0,3.99,Healthy,Healthy
A00111,Cattle,1.7,744.2,38.2,63.1,193.0,4.67,Healthy,Healthy
A00112,Buffalo,6.3,738.9,38.9,68.0,303.0,4.97,Healthy,Healthy
A00113,Cattle,3.4,567.4,38.9,6.1,31.0,0.21,Inactive,Medium
A00114,Goat,7.6,30.1,39.4,55.1,,3.6,Healthy,Healthy
A00115,Goat,3.9,58.6,41.5,37.4,82.0,0.2,Fever,High
A00116,Goat,9.7,81.1,40.0,82.8,126.0,0.18,Stress,Medium
A00117,Cattle,13.9,550.5,39.6,93.5,108.0,0.0,Stress,Low
A00118,Buffalo,2.3,717.2,38.0,65.9,323.0,1.63,Healthy,Healthy
A00119,Cattle,2.0,646.2,39.3,86.4,376.0,3.04,Healthy,Healthy
A00120,Goat,2.6,44.7,39.0,91.1,418.0,3.58,Healthy,Healthy
A00121,Cattle,2.5,562.7,38.7,7.7,42.0,0.03,Inactive,Medium
A00122,Cattle,7.2,701.1,39.1,95.5,419.0,3.16,Healthy,Healthy
A00123,Cattle,7.2,622.3,39.9,96.5,87.0,0.34,Stress,Low
A00124,Cattle,1.5,336.1,38.1,14.2,36.0,0.15,Inactive,Low
A00125,Cattle,10.1,687.2,38.8,66.1,244.0,1.9,Healthy,Healthy
A00126,Cattle,12.1,457.2,42.8,8.7,20.0,0.03,Possible Infection,High
A00127,Goat,4.7,60.5,39.6,62.5,241.0,1.38,Healthy,Healthy
A00128,Goat,11.1,34.7,40.3,96.9,166.0,0.25,Stress,Medium
A00129,Goat,2.2,33.3,38.8,,458.0,3.24,Healthy,Healthy
A00130,Buffalo,15.8,718.5,38.6,2.2,21.0,0.08,Inactive,Low
A00131,Buffalo,11.3,500.0,38.4,0.0,30.0,0.0,Inactive,Medium
A00132,Goat,4.6,47.3,42.7,10.1,30.0,0.0,Possible Infection,High
A00133,Cattle,7.5,621.8,41.3,25.2,84.0,0.37,Fever,High
A00134,Cattle,5.3,699.0,38.9,83.1,331.0,4.07,Healthy,Healthy
A00135,Cattle,11.2,800.1,41.1,29.5,91.0,0.27,Fever,Medium
A00136,Buffalo,6.8,557.6,37.7,36.5,380.0,2.34,Healthy,Healthy
A00137,Goat,9.7,46.5,38.6,87.7,353.0,2.28,Healthy,Healthy
A00138,Cattle,10.0,772.8,38.1,3.6,23.0,0.0,Inactive,Low
A00139,Cattle,1.4,531.7,38.5,15.5,7.0,0.16,Inactive,Medium
A00140,Cattle,14.7,425.2,38.8,6.7,29.0,0.05,Inactive,Medium
A00141,Goat,6.4,30.2,40.7,31.1,69.0,0.11,Fever,Medium
A00142,Cattle,9.9,577.2,38.0,69.4,420.0,4.12,Healthy,Healthy
A00143,Goat,2.7,80.0,39.6,89.9,208.0,0.74,Healthy,Healthy
A00144,Cattle,12.4,506.2,41.9,34.2,60.0,0.42,Fever,High
A00145,Goat,11.0,59.7,39.4,65.3,455.0,4.03,Healthy,Healthy
A00146,Cattle,1.7,743.3,41.8,25.5,105.0,0.37,Fever,High
A00147,Cattle,8.6,566.6,38.1,81.8,,6.91,Healthy,Healthy
A00148,Cattle,7.2,484.6,39.7,100.0,99.0,0.0,Stress,Medium
A00149,Goat,7.6,44.2,42.5,32.6,44.0,0.15,Fever,High
A00150,Goat,7.8,71.2,39.2,63.3,267.0,0.7,Healthy,Healthy
A00151,Buffalo,16.4,730.5,38.3,58.4,383.0,3.9,Healthy,Healthy
A00152,Cattle,13.8,435.3,39.1,7.8,47.0,0.27,Inactive,Medium
A00153,Goat,8.5,56.7,38.5,71.9,285.0,2.99,Healthy,Healthy
A00154,Goat,1.2,45.3,39.5,53.5,370.0,4.51,Healthy,Healthy
A00155,Cattle,10.2,715.6,39.8,91.6,102.0,0.53,Stress,Medium
A00156,Buffalo,12.8,513.2,40.8,12.5,60.0,0.3,Fever,High
A00157,Buffalo,1.7,525.0,39.7,12.6,36.0,0.44,Fever,Medium
A00158,Cattle,8.0,296.6,38.1,55.1,193.0,2.03,Healthy,Healthy
A00159,Cattle,6.3,339.1,41.5,5.6,28.0,0.0,Possible Infection,High
A00160,Cattle,10.9,594.7,39.6,100.0,166.0,0.6,Stress,Low
A00161,Cattle,7.1,483.5,38.9,48.8,206.0,3.37,Healthy,Healthy
A00162,Buffalo,11.6,863.7,38.4,78.8,345.0,1.47,Healthy,Healthy
A00163,Cattle,8.9,322.7,38.4,80.5,385.0,6.8,Healthy,Healthy
A00164,Cattle,7.0,703.8,39.0,15.6,58.0,0.2,Inactive,Low
A00165,Buffalo,3.4,610.4,37.8,67.1,318.0,2.85,Healthy,Healthy
A00166,Buffalo,4.3,888.1,38.3,68.7,187.0,3.61,Healthy,Healthy
A00167,Cattle,6.1,371.0,39.2,51.2,471.0,3.04,Healthy,Healthy
A00168,Cattle,2.7,569.4,38.7,81.8,424.0,4.0,Healthy,Healthy
A00169,Goat,4.4,59.8,41.7,27.7,77.0,0.44,Fever,High
A00170,Cattle,1.1,543.4,38.7,59.0,467.0,7.39,Healthy,Healthy
A00171,Goat,10.6,85.5,39.6,72.0,455.0,2.92,Healthy,Healthy
A00172,Cattle,7.6,585.0,39.1,96.3,308.0,6.77,Healthy,Healthy
A00173,Goat,10.6,63.0,39.6,52.4,349.0,3.21,Healthy,Healthy
A00174,Cattle,4.5,401.6,39.3,3.1,51.0,0.22,Inactive,Medium
A00175,Goat,8.0,75.4,38.7,9.5,7.0,0.07,Inactive,Medium
A00176,Goat,11.5,55.9,38.9,54.0,349.0,3.61,Healthy,Healthy
A00177,Cattle,4.6,701.0,39.2,61.2,323.0,2.42,Healthy,Healthy
A00178,Buffalo,16.1,657.6,38.2,65.5,323.0,1.27,Healthy,Healthy
A00179,Goat,6.4,26.3,41.5,21.2,51.0,0.27,Fever,Medium
A00180,Cattle,0.6,418.2,39.9,87.8,82.0,0.3,Stress,Low
A00181,Cattle,6.0,783.4,39.7,89.7,125.0,0.47,Stress,Low
A00182,Goat,8.5,41.2,41.4,9.8,12.0,0.01,Possible Infection,High
A00183,Cattle,5.8,491.1,39.1,55.2,379.0,4.4,Healthy,Healthy
A00184,Cattle,9.9,677.3,38.4,77.0,294.0,5.85,Healthy,Healthy
A00185,Cattle,8.0,426.2,38.0,52.4,292.0,4.44,Healthy,Healthy
A00186,Cattle,8.0,638.8,41.4,9.2,33.0,,Possible Infection,High
A00187,Buffalo,7.0,405.6,38.8,78.4,160.0,5.69,Healthy,Healthy
A00188,Cattle,3.8,418.6,38.7,82.4,321.0,1.34,Healthy,Healthy
A00189,Cattle,2.5,613.2,38.3,83.8,375.0,3.78,Healthy,Healthy
A00190,Cattle,13.4,652.7,38.0,52.1,183.0,5.47,Healthy,Healthy
A00191,Cattle,10.4,342.3,38.6,72.0,304.0,1.35,Healthy,Healthy
A00192,Cattle,3.4,777.6,42.8,5.8,32.0,0.1,Possible Infection,High
A00193,Buffalo,3.8,796.4,42.4,5.4,11.0,,Possible Infection,High
A00194,Cattle,11.7,555.3,40.2,11.8,58.0,0.36,Fever,Medium
A00195,Goat,1.4,49.9,39.3,3.3,27.0,0.2,Inactive,Medium
A00196,Goat,7.1,42.0,42.7,5.0,24.0,0.0,Possible Infection,High
A00197,Cattle,1.0,385.6,39.3,76.5,312.0,4.97,Healthy,Healthy
A00198,Goat,10.7,42.7,42.7,7.0,25.0,0.0,Possible Infection,High
A00199,Cattle,1.5,757.4,39.1,87.8,286.0,5.68,Healthy,Healthy
A00200,Cattle,2.4,684.4,37.9,64.2,340.0,1.27,Healthy,Healthy
A00201,Goat,5.2,47.2,40.3,88.5,108.0,0.22,Stress,Medium
A00202,Buffalo,3.4,791.5,38.5,10.3,5.0,0.09,Inactive,Medium
A00203,Buffalo,7.0,869.1,38.6,59.1,401.0,4.84,Healthy,Healthy
A00204,Cattle,5.4,786.2,39.1,81.1,393.0,4.9,Healthy,Healthy
A00205,Goat,4.8,14.2,39.3,17.5,35.0,0.1,Inactive,Low
A00206,Goat,4.9,30.6,42.2,20.1,62.0,0.19,Fever,High
A00207,Buffalo,15.1,853.4,40.3,,47.0,0.21,Fever,Medium
A00208,Goat,5.4,67.2,39.0,54.5,306.0,4.33,Healthy,Healthy
A00209,Cattle,2.0,436.4,39.2,2.8,26.0,0.15,Inactive,Medium
A00210,Cattle,6.3,437.3,38.3,69.3,257.0,3.03,Healthy,Healthy
A00211,Cattle,4.8,354.4,42.2,4.9,0.0,0.23,Possible Infection,High
A00212,Cattle,9.2,740.7,39.3,50.8,228.0,7.48,Healthy,Healthy
A00213,Goat,5.1,13.4,39.1,15.6,26.0,0.14,Inactive,Low
A00214,Cattle,6.8,662.7,38.1,73.0,366.0,5.52,Healthy,Healthy
A00215,Cattle,3.6,443.9,38.8,,207.0,7.52,Healthy,Healthy
A00216,Buffalo,13.4,661.8,37.8,3.6,43.0,0.2,Inactive,Medium
A00217,Goat,7.7,34.4,39.1,81.6,485.0,0.72,Healthy,Healthy
A00218,Cattle,1.3,545.3,39.1,51.5,,3.84,Healthy,Healthy
A00219,Cattle,10.1,743.7,38.2,63.9,279.0,2.61,Healthy,Healthy
A00220,Goat,3.9,77.4,39.7,4.2,17.0,0.07,Inactive,Medium
A00221,Goat,10.1,78.2,41.8,17.5,98.0,,Fever,High
A00222,Cattle,0.8,391.6,39.2,54.8,279.0,1.8,Healthy,Healthy
A00223,Cattle,3.9,410.3,38.7,67.4,314.0,4.79,Healthy,Healthy
A00224,Cattle,9.7,559.8,39.4,97.1,87.0,0.25,Stress,Low
A00225,Cattle,6.6,322.2,38.8,79.9,265.0,1.11,Healthy,Healthy
A00226,Goat,4.2,77.4,39.0,59.1,463.0,3.98,Healthy,Healthy
A00227,Goat,1.1,85.7,39.5,55.1,392.0,0.61,Healthy,Healthy
A00228,Cattle,5.9,337.5,38.5,66.5,396.0,5.6,Healthy,Healthy
A00229,Goat,6.7,26.9,39.5,15.4,57.0,0.0,Inactive,Low
A00230,Cattle,11.4,756.8,39.9,96.5,140.0,0.52,Stress,Medium
A00231,Cattle,5.1,418.9,39.1,69.0,244.0,1.59,Healthy,Healthy
A00232,Goat,8.4,43.6,39.7,80.4,300.0,1.44,Healthy,Healthy
A00233,Cattle,12.3,685.5,40.3,29.8,55.0,0.28,Fever,Medium
A00234,Cattle,13.4,461.3,40.0,100.0,152.0,0.44,Stress,Low
A00235,Goat,12.0,36.4,39.9,82.4,109.0,0.32,Stress,Medium
A00236,Goat,10.1,70.0,39.2,81.3,458.0,3.0,Healthy,Healthy
A00237,Goat,3.0,63.6,38.6,100.0,499.0,3.04,Healthy,Healthy
A00238,Cattle,10.3,487.2,42.2,19.3,68.0,0.33,Fever,High
A00239,Buffalo,3.6,762.5,41.5,15.8,35.0,0.37,Fever,High
A00240,Goat,6.0,50.4,38.8,81.0,281.0,4.17,Healthy,Healthy
A00241,Cattle,1.7,597.8,39.2,90.6,236.0,6.19,Healthy,Healthy
A00242,Goat,10.2,28.5,38.9,52.2,492.0,3.61,Healthy,Healthy
A00243,Cattle,2.9,373.3,38.4,84.2,276.0,3.02,Healthy,Healthy
A00244,Buffalo,4.2,798.0,38.0,50.9,386.0,1.5,Healthy,Healthy
A00245,Goat,7.1,57.1,38.8,75.8,222.0,2.33,Healthy,Healthy
A00246,Cattle,8.8,630.4,39.0,13.1,29.0,0.14,Inactive,Medium
A00247,Cattle,12.7,479.3,38.5,68.1,402.0,1.85,Healthy,Healthy
A00248,Buffalo,10.2,599.5,38.5,41.0,306.0,1.81,Healthy,Healthy
A00249,Cattle,14.6,583.9,42.3,5.3,7.0,0.14,Possible Infection,High
A00250,Cattle,13.2,419.9,38.4,46.1,440.0,6.43,Healthy,Healthy
A00251,Cattle,7.5,757.1,39.1,68.3,314.0,6.52,Healthy,Healthy
A00252,Goat,5.0,70.9,38.7,3.3,19.0,0.45,Inactive,Medium
A00253,Cattle,8.5,517.7,38.0,66.6,253.0,1.2,Healthy,Healthy
A00254,Cattle,12.1,499.8,39.0,54.0,411.0,2.73,Healthy,Healthy
A00255,Cattle,12.5,558.8,38.5,46.3,470.0,5.83,Healthy,Healthy
A00256,Cattle,14.2,747.4,40.0,86.8,92.0,0.45,Stress,Low
A00257,Cattle,4.3,469.4,39.1,46.4,209.0,2.13,Healthy,Healthy
A00258,Buffalo,8.7,733.4,38.7,73.7,309.0,5.84,Healthy,Healthy
A00259,Cattle,13.3,746.4,38.9,57.3,228.0,2.32,Healthy,Healthy
A00260,Cattle,4.8,606.6,38.6,54.3,219.0,4.95,Healthy,Healthy
A00261,Goat,6.9,64.9,40.1,78.7,175.0,0.41,Stress,Low
A00262,Cattle,8.2,354.6,40.4,25.0,55.0,0.66,Fever,Medium
A00263,Cattle,4.2,594.2,41.9,23.4,66.0,0.09,Fever,High
A00264,Goat,4.8,62.4,39.5,69.9,335.0,1.72,Healthy,Healthy
A00265,Cattle,2.8,628.5,39.0,49.3,306.0,1.76,Healthy,Healthy
A00266,Cattle,6.3,717.9,41.9,26.1,72.0,0.12,Fever,High
A00267,Buffalo,7.4,492.5,37.8,53.7,197.0,5.99,Healthy,Healthy
A00268,Goat,10.7,85.5,39.6,84.2,385.0,2.29,Healthy,Healthy
A00269,Goat,2.0,84.3,40.1,96.8,158.0,0.22,Stress,Medium
A00270,Cattle,4.4,294.4,39.3,91.5,305.0,6.05,Healthy,Healthy
A00271,Cattle,0.9,608.2,41.1,9.5,3.0,0.0,Possible Infection,High
A00272,Cattle,6.6,684.9,39.1,49.7,296.0,1.65,Healthy,Healthy
A00273,Goat,5.2,24.0,42.0,,29.0,0.01,Possible Infection,High
A00274,Cattle,8.4,435.1,42.2,3.8,39.0,0.03,Possible Infection,High
A00275,Goat,2.9,67.3,39.5,54.2,260.0,3.32,Healthy,Healthy
A00276,Cattle,2.8,582.6,39.0,81.0,235.0,1.96,Healthy,Healthy
A00277,Cattle,6.2,651.2,38.3,88.6,442.0,3.16,Healthy,Healthy
A00278,Goat,9.9,42.1,40.8,33.1,72.0,0.3,Fever,Medium
A00279,Buffalo,5.6,627.3,39.4,78.1,104.0,0.45,Stress,Low
A00280,Goat,9.9,29.2,39.5,100.0,293.0,1.39,Healthy,Healthy
A00281,Cattle,9.1,605.3,41.1,18.1,95.0,0.33,Fever,Medium
A00282,Cattle,2.4,606.5,39.1,47.2,398.0,,Healthy,Healthy
A00283,Cattle,4.2,308.6,38.8,54.0,273.0,5.65,Healthy,Healthy
A00284,Cattle,9.2,484.8,39.2,62.5,226.0,6.03,Healthy,Healthy
A00285,Goat,8.3,81.8,41.8,29.5,93.0,0.12,Fever,High
A00286,Cattle,1.9,725.5,39.2,78.6,206.0,3.95,Healthy,Healthy
A00287,Cattle,8.3,726.0,38.7,46.9,352.0,3.63,Healthy,Healthy
A00288,Cattle,3.1,792.6,38.6,72.1,436.0,,Healthy,Healthy
A00289,Cattle,10.4,459.3,40.3,27.3,88.0,0.56,Fever,Medium
A00290,Buffalo,0.9,542.3,38.3,64.4,385.0,2.15,Healthy,Healthy
A00291,Cattle,2.0,585.0,38.8,84.4,197.0,4.58,Healthy,Healthy
A00292,Goat,7.1,63.4,38.8,13.3,29.0,0.02,Inactive,Medium
A00293,Goat,4.2,74.4,39.0,9.3,57.0,0.0,Inactive,Low
A00294,Cattle,2.8,628.2,39.2,65.6,283.0,4.0,Healthy,Healthy
A00295,Buffalo,14.7,872.3,38.0,56.3,307.0,4.09,Healthy,Healthy
A00296,Cattle,3.5,324.5,38.7,12.4,48.0,0.07,Inactive,Low
A00297,Goat,3.8,28.9,39.2,55.8,483.0,3.52,Healthy,Healthy
A00298,Buffalo,14.2,534.4,39.7,67.9,129.0,0.48,Stress,Low
A00299,Buffalo,14.7,871.9,38.3,68.5,254.0,0.98,Healthy,Healthy
A00300,Cattle,12.4,710.5,38.8,64.3,422.0,5.02,Healthy,Healthy
A00301,Cattle,8.3,605.4,41.9,3.0,12.0,0.16,Possible Infection,High
A00302,Cattle,2.9,386.5,38.1,67.4,201.0,3.75,Healthy,Healthy
A00303,Cattle,1.4,344.1,39.2,73.2,461.0,1.3,Healthy,Healthy
A00304,Goat,3.8,26.1,39.9,84.6,91.0,0.1,Stress,Low
A00305,Buffalo,0.6,729.6,38.4,55.9,159.0,2.62,Healthy,Healthy
A00306,Cattle,1.9,395.2,39.0,76.9,347.0,4.29,Healthy,Healthy
A00307,Goat,5.0,45.7,39.4,71.5,375.0,3.85,Healthy,Healthy
A00308,Cattle,8.5,499.5,38.6,94.4,227.0,5.61,Healthy,Healthy
A00309,Cattle,5.7,591.0,38.6,74.5,348.0,2.31,Healthy,Healthy
A00310,Buffalo,14.4,769.7,41.1,16.8,29.0,0.18,Fever,High
A00311,Cattle,4.6,667.6,39.2,55.0,332.0,1.7,Healthy,Healthy
A00312,Goat,0.6,67.8,39.3,93.9,380.0,3.82,Healthy,Healthy
A00313,Cattle,3.4,426.0,38.7,64.1,365.0,1.5,Healthy,Healthy
A00314,Goat,7.9,59.0,39.5,98.1,216.0,1.19,Healthy,Healthy
A00315,Buffalo,17.9,763.3,40.5,1.8,25.0,0.03,Possible Infection,High
A00316,Buffalo,13.8,785.8,38.2,55.8,212.0,6.3,Healthy,Healthy
A00317,Goat,11.6,49.5,39.3,14.0,12.0,0.0,Inactive,Low
A00318,Cattle,3.4,695.5,39.2,64.1,405.0,7.32,Healthy,Healthy
A00319,Cattle,7.5,350.5,39.0,89.4,273.0,7.06,Healthy,Healthy
A00320,Goat,4.2,50.9,39.3,10.7,18.0,0.13,Inactive,Medium
A00321,Goat,4.0,82.1,42.6,8.5,21.0,0.03,Possible Infection,High
A00322,Cattle,8.5,399.8,39.9,94.3,132.0,0.44,Stress,Medium
A00323,Cattle,11.0,361.0,39.4,100.0,129.0,0.31,Stress,Low
A00324,Cattle,14.6,483.1,38.5,63.8,330.0,4.09,Healthy,Healthy
A00325,Goat,1.2,58.7,39.1,87.8,268.0,3.62,Healthy,Healthy
A00326,Goat,4.1,60.3,39.6,71.2,479.0,1.95,Healthy,Healthy
A00327,Cattle,1.5,661.4,38.2,72.8,289.0,3.61,Healthy,Healthy
A00328,Goat,5.5,65.0,39.1,95.3,460.0,0.57,Healthy,Healthy
A00329,Goat,3.2,59.1,38.9,4.1,25.0,0.0,Inactive,Medium
A00330,Cattle,8.6,441.9,38.4,63.7,442.0,7.3,Healthy,Healthy
A00331,Cattle,2.9,693.2,38.1,48.8,459.0,2.39,Healthy,Healthy
A00332,Cattle,0.7,553.8,39.9,100.0,150.0,0.36,Stress,Medium
A00333,Cattle,2.8,643.1,38.6,85.1,396.0,5.5,Healthy,Healthy
A00334,Cattle,4.5,774.1,39.3,62.4,195.0,2.2,Healthy,Healthy
A00335,Cattle,6.0,693.6,41.1,2.8,38.0,0.01,Possible Infection,High
A00336,Buffalo,3.1,692.7,38.7,52.6,192.0,2.09,Healthy,Healthy
A00337,Buffalo,14.9,509.1,38.0,38.8,394.0,2.77,Healthy,Healthy
A00338,Cattle,1.7,370.7,38.3,49.4,456.0,1.02,Healthy,Healthy
A00339,Cattle,3.5,675.8,41.9,6.1,12.0,0.16,Possible Infection,High
A00340,Cattle,11.2,595.5,42.6,0.2,,0.15,Possible Infection,High
A00341,Cattle,7.0,548.0,41.9,10.5,29.0,0.17,Possible Infection,High
A00342,Goat,9.0,73.6,42.2,27.8,40.0,0.26,Fever,High
A00343,Buffalo,13.6,669.6,38.6,57.8,195.0,6.32,Healthy,Healthy
A00344,Goat,5.5,33.4,38.8,48.3,213.0,4.53,Healthy,Healthy
A00345,Cattle,9.2,656.3,38.9,,55.0,0.0,Inactive,Low
A00346,Goat,10.5,14.2,39.5,91.1,265.0,2.28,Healthy,Healthy
A00347,Cattle,1.1,466.6,38.9,66.8,470.0,5.97,Healthy,Healthy
A00348,Cattle,8.7,602.1,38.2,64.3,368.0,7.93,Healthy,Healthy
A00349,Cattle,9.5,617.0,40.8,28.1,46.0,0.25,Fever,Medium
A00350,Buffalo,16.8,859.0,38.2,50.9,357.0,1.05,Healthy,Healthy
A00351,Cattle,14.6,552.2,38.7,65.7,206.0,1.75,Healthy,Healthy
A00352,Goat,7.0,21.3,38.5,51.8,448.0,1.04,Healthy,Healthy
A00353,Cattle,7.0,579.5,38.4,52.7,294.0,1.78,Healthy,Healthy
A00354,Cattle,11.5,433.9,38.4,92.4,189.0,4.43,Healthy,Healthy
A00355,Cattle,8.6,556.8,39.8,79.0,128.0,0.52,Stress,Medium
A00356,Goat,10.8,70.8,40.8,24.4,52.0,0.17,Fever,Medium
A00357,Goat,2.9,62.7,39.0,57.0,494.0,1.3,Healthy,Healthy
A00358,Buffalo,1.1,630.3,38.7,80.4,173.0,3.88,Healthy,Healthy
A00359,Goat,11.3,70.2,38.8,8.4,41.0,0.09,Inactive,Medium
A00360,Cattle,4.9,791.8,38.8,82.9,472.0,3.66,Healthy,Healthy
A00361,Goat,4.1,80.7,39.0,86.8,259.0,,Healthy,Healthy
A00362,Cattle,9.0,737.0,38.2,77.4,378.0,3.94,Healthy,Healthy
A00363,Buffalo,1.2,583.8,40.8,27.0,75.0,0.11,Fever,High
A00364,Cattle,10.6,328.5,42.6,5.5,7.0,0.03,Possible Infection,High
A00365,Buffalo,17.5,655.0,38.7,51.7,198.0,1.38,Healthy,Healthy
A00366,Cattle,14.1,470.7,39.4,68.7,235.0,7.19,Healthy,Healthy
A00367,Cattle,1.1,308.5,38.6,75.9,310.0,1.32,Healthy,Healthy
A00368,Cattle,13.4,734.8,38.3,76.6,459.0,7.63,Healthy,Healthy
A00369,Cattle,6.4,799.9,38.1,51.4,306.0,4.55,Healthy,Healthy
A00370,Goat,4.2,57.3,43.0,1.9,42.0,0.02,Possible Infection,High
A00371,Goat,3.7,45.7,41.6,10.2,37.0,0.22,Possible Infection,High
A00372,Buffalo,11.2,587.6,42.0,1.6,20.0,0.03,Possible Infection,High
A00373,Buffalo,14.7,519.3,38.0,36.2,325.0,3.82,Healthy,Healthy
A00374,Cattle,13.1,592.6,41.7,21.4,46.0,0.25,Fever,High
A00375,Goat,4.1,51.2,39.4,50.5,209.0,1.84,Healthy,Healthy
A00376,Cattle,14.6,505.1,38.6,75.3,471.0,2.71,Healthy,Healthy
A00377,Buffalo,10.9,772.3,37.8,79.0,267.0,1.93,Healthy,Healthy
A00378,Cattle,3.6,506.2,38.9,57.0,289.0,3.69,Healthy,Healthy
A00379,Cattle,11.8,727.1,38.9,60.6,198.0,6.03,Healthy,Healthy
A00380,Goat,9.8,35.2,39.1,84.6,412.0,4.47,Healthy,Healthy
A00381,Cattle,8.7,427.0,38.7,11.3,32.0,0.17,Inactive,Medium
A00382,Cattle,7.2,359.9,39.2,89.3,390.0,1.77,Healthy,Healthy
A00383,Buffalo,10.6,731.8,38.9,85.4,67.0,0.36,Stress,Low
A00384,Cattle,2.6,741.8,38.7,68.6,209.0,5.57,Healthy,Healthy
A00385,Cattle,4.2,364.4,39.2,76.0,428.0,6.06,Healthy,Healthy
A00386,Cattle,4.3,432.8,42.7,2.8,21.0,0.14,Possible Infection,High
A00387,Buffalo,16.5,619.0,42.0,4.8,2.0,0.03,Possible Infection,High
A00388,Cattle,1.5,789.3,38.5,70.3,282.0,5.66,Healthy,Healthy
A00389,Cattle,1.1,589.9,40.2,30.4,94.0,0.16,Fever,Medium
A00390,Buffalo,2.3,858.1,38.6,71.9,159.0,5.62,Healthy,Healthy
A00391,Goat,2.5,38.9,40.5,14.5,79.0,0.06,Fever,Medium
A00392,Cattle,9.6,593.7,39.0,10.2,9.0,0.15,Inactive,Low
A00393,Cattle,8.9,612.7,40.0,75.8,145.0,0.41,Stress,Low
A00394,Goat,3.1,56.0,39.6,60.6,245.0,3.44,Healthy,Healthy
A00395,Cattle,10.4,592.8,38.6,63.8,468.0,2.89,Healthy,Healthy
A00396,Goat,10.8,29.3,39.3,95.2,245.0,4.48,Healthy,Healthy
A00397,Cattle,1.8,371.0,39.0,51.3,224.0,5.55,Healthy,Healthy
A00398,Buffalo,11.5,543.4,37.9,8.3,35.0,0.2,Inactive,Medium
A00399,Goat,9.4,91.3,38.9,72.1,293.0,3.46,Healthy,Healthy
A00400,Cattle,13.7,620.8,39.0,55.7,397.0,1.17,Healthy,Healthy
A00401,Cattle,6.4,596.8,41.9,36.3,52.0,0.21,Fever,High
A00402,Goat,11.7,91.8,38.7,66.7,229.0,1.52,Healthy,Healthy
A00403,Goat,5.2,30.0,40.6,19.9,86.0,0.41,Fever,Medium
A00404,Goat,4.5,62.3,38.7,67.9,367.0,4.45,Healthy,Healthy
A00405,Buffalo,7.7,696.3,39.2,71.8,57.0,0.44,Stress,Low
A00406,Cattle,12.8,721.8,41.6,8.3,13.0,0.0,Possible Infection,High
A00407,Cattle,10.9,516.9,39.1,76.1,245.0,2.5,Healthy,Healthy
A00408,Goat,5.5,51.5,40.8,26.4,73.0,0.26,Fever,Medium
A00409,Goat,8.7,54.1,39.1,62.4,478.0,1.91,Healthy,Healthy
A00410,Cattle,1.9,622.3,38.6,83.7,243.0,2.32,Healthy,Healthy
A00411,Buffalo,17.7,736.5,37.8,84.5,192.0,4.56,Healthy,Healthy
A00412,Buffalo,1.9,571.0,39.1,96.3,86.0,0.22,Stress,Medium
A00413,Cattle,13.3,776.4,37.9,79.7,425.0,1.98,Healthy,Healthy
A00414,Buffalo,7.0,785.5,38.7,57.4,408.0,3.17,Healthy,Healthy
A00415,Cattle,12.8,445.2,38.7,12.0,6.0,0.34,Inactive,Low
A00416,Cattle,7.2,552.1,38.0,79.1,326.0,6.4,Healthy,Healthy
A00417,Goat,2.1,83.4,41.8,21.3,106.0,0.37,Fever,High
A00418,Cattle,8.4,343.3,38.5,87.1,434.0,1.72,Healthy,Healthy
A00419,Buffalo,14.3,510.5,38.6,77.2,185.0,5.62,Healthy,Healthy
A00420,Goat,1.5,54.2,39.5,16.1,17.0,0.04,Inactive,Medium
A00421,Cattle,12.6,501.3,39.7,83.5,141.0,0.33,Stress,Low
A00422,Cattle,5.0,318.9,38.4,72.1,339.0,3.43,Healthy,Healthy
A00423,Cattle,11.5,410.1,38.4,73.6,240.0,6.33,Healthy,Healthy
A00424,Cattle,2.3,384.9,39.8,78.4,81.0,0.61,Stress,Medium
A00425,Goat,11.9,36.7,40.7,15.2,127.0,0.13,Fever,Medium
A00426,Cattle,11.5,567.5,38.1,46.8,210.0,4.01,Healthy,Healthy
A00427,Cattle,13.2,691.8,38.6,75.3,,4.99,Healthy,Healthy
A00428,Goat,3.8,39.5,38.9,63.0,347.0,2.26,Healthy,Healthy
A00429,Buffalo,3.5,503.2,40.1,13.4,91.0,0.01,Fever,Medium
A00430,Cattle,9.8,689.3,39.2,14.0,14.0,0.14,Inactive,Medium
A00431,Cattle,4.2,465.8,41.8,3.2,19.0,0.01,Possible Infection,High
A00432,Cattle,12.1,648.5,38.2,65.3,216.0,5.41,Healthy,Healthy
A00433,Buffalo,7.1,828.3,38.8,82.2,400.0,1.4,Healthy,Healthy
A00434,Cattle,10.9,350.1,38.7,5.9,26.0,0.07,Inactive,Medium
A00435,Cattle,12.8,380.3,38.1,63.5,377.0,3.32,Healthy,Healthy
A00436,Cattle,3.3,717.4,39.8,100.0,136.0,0.25,Stress,Medium
A00437,Cattle,14.3,456.6,38.9,62.9,414.0,4.0,Healthy,Healthy
A00438,Cattle,8.1,694.0,38.5,71.0,384.0,3.05,Healthy,Healthy
A00439,Buffalo,11.3,644.3,37.9,43.7,406.0,3.2,Healthy,Healthy
A00440,Cattle,2.9,410.5,38.6,8.0,16.0,0.14,Inactive,Medium
A00441,Goat,8.6,17.7,41.6,39.0,117.0,0.11,Fever,High
A00442,Cattle,7.3,528.7,38.8,64.3,232.0,4.51,Healthy,Healthy
A00443,Goat,0.8,73.1,39.2,52.8,284.0,2.25,Healthy,Healthy
A00444,Buffalo,7.7,779.9,38.5,81.7,227.0,3.72,Healthy,Healthy
A00445,Goat,10.5,22.6,38.9,77.0,480.0,0.56,Healthy,Healthy
A00446,Cattle,13.8,678.8,38.6,92.0,316.0,1.5,Healthy,Healthy
A00447,Buffalo,17.0,848.5,38.4,9.0,21.0,0.04,Inactive,Medium
A00448,Cattle,12.7,800.9,41.0,23.3,101.0,0.14,Fever,Medium
A00449,Cattle,14.3,430.2,39.2,12.6,41.0,0.22,Inactive,Medium
A00450,Cattle,7.5,606.2,40.1,15.0,75.0,0.64,Fever,Medium
A00451,Cattle,3.7,781.4,38.0,56.0,410.0,2.47,Healthy,Healthy
A00452,Goat,8.3,27.0,40.4,100.0,156.0,0.14,Stress,Low
A00453,Goat,1.1,95.1,39.1,94.9,477.0,0.61,Healthy,Healthy
A00454,Cattle,3.2,704.1,42.2,23.9,71.0,0.02,Fever,High
A00455,Cattle,9.0,308.2,38.5,46.5,401.0,7.72,Healthy,Healthy
A00456,Cattle,10.6,573.7,38.5,65.3,348.0,1.08,Healthy,Healthy
A00457,Cattle,13.3,769.1,41.6,23.6,67.0,0.0,Fever,High
A00458,Cattle,11.4,434.0,39.4,86.2,155.0,0.53,Stress,Medium
A00459,Cattle,8.3,772.1,39.0,56.1,194.0,1.72,Healthy,Healthy
A00460,Goat,5.1,42.3,39.2,93.7,248.0,3.9,Healthy,Healthy
A00461,Cattle,8.1,623.1,41.4,15.4,76.0,0.37,Fever,High
A00462,Cattle,13.5,645.4,40.0,76.7,146.0,0.15,Stress,Low
A00463,Cattle,8.8,527.2,39.1,84.5,277.0,6.08,Healthy,Healthy
A00464,Buffalo,12.0,520.2,38.7,48.6,334.0,0.9,Healthy,Healthy
A00465,Goat,8.2,84.3,39.3,70.1,445.0,1.53,Healthy,Healthy
A00466,Cattle,14.0,568.0,39.9,100.0,77.0,0.2,Stress,Medium
A00467,Cattle,4.7,695.7,38.0,61.6,214.0,7.63,Healthy,Healthy
A00468,Buffalo,0.6,516.8,42.3,3.8,0.0,0.0,Possible Infection,High
A00469,Buffalo,2.0,406.8,38.4,84.5,226.0,2.49,Healthy,Healthy
A00470,Goat,3.0,78.3,41.8,0.5,40.0,0.0,Possible Infection,High
A00471,Cattle,1.3,480.6,41.3,9.1,34.0,0.27,Possible Infection,High
A00472,Cattle,5.1,534.7,38.3,93.1,273.0,1.65,Healthy,Healthy
A00473,Cattle,12.1,660.5,38.4,83.5,203.0,1.05,Healthy,Healthy
A00474,Goat,8.6,51.2,40.1,100.0,172.0,0.31,Stress,Medium
A00475,Goat,6.3,91.1,38.6,96.4,464.0,1.1,Healthy,Healthy
A00476,Cattle,13.7,691.5,40.9,5.4,14.0,0.07,Possible Infection,High
A00477,Cattle,8.9,774.7,38.8,61.2,434.0,3.97,Healthy,Healthy
A00478,Goat,4.1,57.0,39.6,94.8,267.0,1.92,Healthy,Healthy
A00479,Goat,6.1,78.9,38.7,61.0,208.0,3.07,Healthy,Healthy
A00480,Cattle,3.4,413.6,41.3,5.3,16.0,0.0,Possible Infection,High
A00481,Buffalo,7.6,729.5,38.2,39.6,269.0,1.64,Healthy,Healthy
A00482,Cattle,12.3,729.8,38.9,46.6,349.0,6.51,Healthy,Healthy
A00483,Cattle,12.4,489.7,38.9,93.0,342.0,3.73,Healthy,Healthy
A00484,Goat,8.0,51.0,38.6,82.5,222.0,2.21,Healthy,Healthy
A00485,Goat,2.6,55.1,39.1,73.2,247.0,0.64,Healthy,Healthy
A00486,Buffalo,6.5,714.4,40.4,0.0,22.0,0.03,Possible Infection,High
A00487,Cattle,4.6,401.4,38.3,4.0,29.0,0.13,Inactive,Medium
A00488,Goat,2.1,66.6,38.8,80.4,385.0,2.05,Healthy,Healthy
A00489,Buffalo,7.4,730.3,37.8,3.9,28.0,0.07,Inactive,Medium
A00490,Goat,10.8,83.6,39.6,74.5,403.0,3.56,Healthy,Healthy
A00491,Cattle,5.8,512.9,38.7,56.6,354.0,5.58,Healthy,Healthy
A00492,Cattle,9.9,305.6,38.8,76.5,279.0,1.43,Healthy,Healthy
A00493,Goat,3.1,82.8,38.8,53.0,213.0,1.52,Healthy,Healthy
A00494,Cattle,8.0,755.1,39.1,48.4,385.0,4.75,Healthy,Healthy
A00495,Cattle,5.2,771.0,38.8,53.6,331.0,6.09,Healthy,Healthy
A00496,Goat,9.4,40.4,39.7,84.5,424.0,1.4,Healthy,Healthy
A00497,Goat,3.5,63.4,40.1,100.0,158.0,0.01,Stress,Medium
A00498,Cattle,13.4,487.7,38.9,50.8,315.0,7.94,Healthy,Healthy
A00499,Cattle,11.7,414.9,38.5,7.0,35.0,0.17,Inactive,Medium
A00500,Cattle,14.0,780.4,38.5,3.0,22.0,,Inactive,Medium
A00501,Goat,2.3,32.8,39.2,77.5,413.0,4.31,Healthy,Healthy
A00502,Goat,1.6,84.7,40.1,77.2,129.0,0.14,Stress,Medium
A00503,Buffalo,14.8,853.2,38.1,37.9,328.0,5.76,Healthy,Healthy
A00504,Cattle,1.2,320.6,41.7,21.7,43.0,0.15,Fever,High
A00505,Cattle,9.8,316.8,41.4,0.9,28.0,0.12,Possible Infection,High
A00506,Cattle,8.4,436.8,39.2,85.7,396.0,1.42,Healthy,Healthy
A00507,Cattle,2.4,518.0,40.2,34.1,99.0,0.12,Fever,Medium
A00508,Cattle,1.1,620.4,41.8,10.5,14.0,0.0,Possible Infection,High
A00509,Cattle,3.6,731.0,40.9,19.5,50.0,0.19,Fever,Medium
A00510,Buffalo,9.5,536.8,38.3,58.4,356.0,6.14,Healthy,Healthy
A00511,Cattle,14.8,774.4,38.9,8.2,20.0,0.09,Inactive,Medium
A00512,Goat,7.7,28.6,41.8,15.5,46.0,0.07,Fever,High
A00513,Cattle,8.6,640.5,42.7,1.2,18.0,0.13,Possible Infection,High
A00514,Cattle,10.5,589.5,38.5,66.0,237.0,5.65,Healthy,Healthy
A00515,Goat,6.7,36.9,39.4,68.3,323.0,2.48,Healthy,Healthy
A00516,Buffalo,8.6,490.4,38.0,34.8,394.0,1.91,Healthy,Healthy
A00517,Cattle,9.8,472.3,38.4,75.1,213.0,4.85,Healthy,Healthy
A00518,Goat,5.0,37.1,40.9,24.8,75.0,0.19,Fever,Medium
A00519,Buffalo,6.3,796.5,40.8,19.2,27.0,0.34,Fever,High
A00520,Cattle,10.3,505.0,39.2,73.4,428.0,1.79,Healthy,Healthy
A00521,Cattle,12.8,409.0,39.2,51.1,222.0,5.0,Healthy,Healthy
A00522,Goat,11.9,13.5,39.9,97.9,170.0,0.2,Stress,Low
A00523,Cattle,9.0,567.2,40.3,16.9,56.0,0.24,Fever,Medium
A00524,Cattle,3.3,336.4,38.7,95.7,233.0,1.41,Healthy,Healthy
A00525,Goat,8.0,48.5,38.8,76.7,365.0,,Healthy,Healthy
A00526,Buffalo,16.6,424.6,39.6,67.3,90.0,0.33,Stress,Low
A00527,Goat,4.9,20.6,41.8,26.2,102.0,0.25,Fever,High
A00528,Cattle,13.6,454.0,41.5,16.2,74.0,0.18,Fever,High
A00529,Cattle,11.3,791.1,38.7,54.0,389.0,4.68,Healthy,Healthy
A00530,Goat,7.4,42.1,39.7,83.6,213.0,1.77,Healthy,Healthy
A00531,Cattle,4.3,383.1,38.4,61.9,361.0,1.59,Healthy,Healthy
A00532,Buffalo,11.7,424.0,38.5,71.9,289.0,2.88,Healthy,Healthy
A00533,Cattle,8.6,750.2,38.9,12.4,56.0,0.0,Inactive,Low
A00534,Cattle,11.3,467.8,38.4,13.8,4.0,0.4,Inactive,Low
A00535,Buffalo,5.4,902.0,38.3,37.8,166.0,3.83,Healthy,Healthy
A00536,Cattle,14.3,408.3,39.2,66.7,479.0,4.87,Healthy,Healthy
A00537,Buffalo,3.0,403.9,38.0,69.0,168.0,4.21,Healthy,Healthy
A00538,Buffalo,13.5,542.0,38.5,42.2,332.0,1.62,Healthy,Healthy
A00539,Goat,2.6,62.0,40.3,100.0,140.0,0.34,Stress,Low
A00540,Cattle,5.3,313.0,38.4,85.1,449.0,4.7,Healthy,Healthy
A00541,Cattle,0.9,583.3,41.7,6.5,22.0,0.07,Possible Infection,High
A00542,Cattle,3.7,330.5,38.1,67.9,243.0,4.46,Healthy,Healthy
A00543,Cattle,7.0,727.6,38.8,6.9,10.0,0.02,Inactive,Low
A00544,Goat,5.4,32.3,41.4,35.5,94.0,0.28,Fever,Medium
A00545,Cattle,6.6,502.7,38.2,45.6,245.0,0.94,Healthy,Healthy
A00546,Cattle,1.0,763.2,40.0,94.0,121.0,0.36,Stress,Low
A00547,Buffalo,2.3,808.9,39.2,79.2,57.0,0.34,Stress,Medium
A00548,Cattle,13.3,592.5,38.3,60.4,426.0,1.31,Healthy,Healthy
A00549,Cattle,1.2,305.1,38.1,49.4,306.0,5.6,Healthy,Healthy
A00550,Goat,2.3,75.3,39.6,11.9,22.0,0.0,Inactive,Low
A00551,Cattle,13.6,376.9,41.5,29.0,104.0,0.22,Fever,High
A00552,Buffalo,3.1,424.1,39.6,76.7,64.0,0.32,Stress,Medium
A00553,Goat,2.1,88.6,39.4,59.5,256.0,3.32,Healthy,Healthy
A00554,Cattle,12.7,630.7,38.3,3.8,25.0,0.16,Inactive,Low
A00555,Cattle,8.7,477.8,42.2,0.0,34.0,0.18,Possible Infection,High
A00556,Cattle,7.1,750.6,41.2,30.3,91.0,,Fever,High
A00557,Buffalo,6.7,718.9,38.7,2.1,25.0,0.2,Inactive,Low
A00558,Cattle,2.5,360.8,39.5,100.0,148.0,0.4,Stress,Low
A00559,Buffalo,17.1,474.5,38.3,64.9,273.0,3.11,Healthy,Healthy
A00560,Buffalo,7.0,646.4,40.4,14.9,42.0,0.22,Fever,Medium
A00561,Buffalo,9.8,862.9,42.0,9.3,19.0,0.0,Possible Infection,High
A00562,Goat,6.1,34.3,39.6,11.7,18.0,0.08,Inactive,Medium
A00563,Buffalo,12.0,545.3,38.4,83.3,248.0,4.69,Healthy,Healthy
A00564,Cattle,10.7,625.1,38.5,93.4,188.0,2.96,Healthy,Healthy
A00565,Goat,11.3,78.5,38.9,69.8,430.0,4.12,Healthy,Healthy
A00566,Cattle,10.4,516.3,38.3,83.7,416.0,4.33,Healthy,Healthy
A00567,Goat,1.4,18.3,39.6,73.6,304.0,3.94,Healthy,Healthy
A00568,Cattle,4.7,582.4,40.3,16.1,63.0,0.44,Fever,Medium
A00569,Cattle,2.8,376.6,38.7,74.1,276.0,3.04,Healthy,Healthy
A00570,Buffalo,2.7,698.4,38.3,45.4,281.0,5.39,Healthy,Healthy
A00571,Goat,2.1,61.0,41.8,18.5,96.0,0.19,Fever,High
A00572,Goat,9.6,29.0,40.9,31.6,37.0,0.34,Fever,Medium
A00573,Cattle,9.0,560.7,38.6,66.2,179.0,3.33,Healthy,Healthy
A00574,Cattle,7.9,790.6,38.9,50.2,236.0,6.41,Healthy,Healthy
A00575,Goat,3.3,67.0,38.9,8.9,31.0,0.0,Inactive,Low
A00576,Goat,10.3,50.6,38.7,13.1,25.0,0.04,Inactive,Low
A00577,Buffalo,8.1,796.4,38.3,6.4,30.0,0.38,Inactive,Medium
A00578,Goat,10.3,56.0,38.7,66.2,283.0,2.47,Healthy,Healthy
A00579,Buffalo,8.3,790.5,38.0,4.6,19.0,0.19,Inactive,Medium
A00580,Cattle,3.0,624.2,39.2,55.3,328.0,7.75,Healthy,Healthy
A00581,Cattle,10.9,697.7,41.8,10.0,38.0,0.0,Possible Infection,High
A00582,Cattle,4.0,564.3,38.4,67.2,482.0,3.49,Healthy,Healthy
A00583,Cattle,4.2,410.5,42.3,19.4,46.0,0.15,Fever,High
A00584,Cattle,6.5,427.1,40.6,30.9,69.0,0.28,Fever,Medium
A00585,Cattle,6.9,774.4,38.4,16.4,18.0,0.33,Inactive,Medium
A00586,Cattle,3.7,427.4,38.6,52.6,444.0,5.95,Healthy,Healthy
A00587,Cattle,14.0,770.7,38.2,70.2,251.0,2.34,Healthy,Healthy
A00588,Cattle,14.9,577.6,41.2,3.1,15.0,0.09,Possible Infection,High
A00589,Cattle,10.8,638.4,42.2,30.9,62.0,0.41,Fever,High
A00590,Buffalo,8.3,784.9,38.6,67.2,386.0,0.95,Healthy,Healthy
A00591,Cattle,7.3,747.8,40.0,95.8,100.0,0.38,Stress,Medium
A00592,Cattle,10.4,330.0,38.8,84.7,428.0,2.3,Healthy,Healthy
A00593,Buffalo,16.2,620.5,41.1,3.3,7.0,0.05,Possible Infection,High
A00594,Cattle,11.6,737.4,38.3,70.6,326.0,7.16,Healthy,Healthy
A00595,Cattle,13.7,678.7,38.6,72.1,379.0,3.91,Healthy,Healthy
A00596,Cattle,4.1,614.2,39.2,7.9,50.0,0.22,Inactive,Low
A00597,Cattle,4.6,637.9,39.5,93.0,93.0,0.62,Stress,Medium
A00598,Cattle,4.3,570.0,38.6,66.1,200.0,5.98,Healthy,Healthy
A00599,Buffalo,8.4,666.2,38.7,61.2,261.0,1.18,Healthy,Healthy
A00600,Cattle,12.3,776.1,38.1,69.2,246.0,1.6,Healthy,Healthy
A00601,Cattle,12.2,380.0,38.8,60.3,200.0,2.44,Healthy,Healthy
A00602,Cattle,9.3,785.6,38.7,70.0,348.0,7.41,Healthy,Healthy
A00603,Buffalo,9.3,438.1,38.1,11.6,23.0,0.18,Inactive,Medium
A00604,Cattle,3.7,499.4,39.1,11.2,20.0,0.15,Inactive,Low
A00605,Cattle,14.7,504.0,38.6,64.8,196.0,4.64,Healthy,Healthy
A00606,Cattle,3.0,774.7,39.1,56.5,280.0,2.67,Healthy,Healthy
A00607,Goat,9.7,74.1,38.7,63.6,278.0,2.8,Healthy,Healthy
A00608,Cattle,12.9,450.8,38.8,73.7,325.0,4.5,Healthy,Healthy
A00609,Cattle,10.9,513.5,38.6,51.1,315.0,6.32,Healthy,Healthy
A00610,Goat,1.7,40.0,39.0,94.8,309.0,2.93,Healthy,Healthy
A00611,Cattle,14.9,368.6,38.4,67.0,255.0,3.47,Healthy,Healthy
A00612,Cattle,9.0,760.2,38.1,73.9,432.0,2.89,Healthy,Healthy
A00613,Cattle,7.3,313.6,41.1,3.3,16.0,0.12,Possible Infection,High
A00614,Buffalo,12.7,610.3,38.4,66.2,239.0,5.88,Healthy,Healthy
A00615,Cattle,6.9,322.1,41.6,29.4,84.0,0.2,Fever,High
A00616,Cattle,8.9,337.5,39.3,65.4,461.0,6.6,Healthy,Healthy
A00617,Buffalo,17.8,768.3,40.2,11.6,65.0,0.34,Fever,Medium
A00618,Cattle,12.5,391.6,41.4,27.2,45.0,0.1,Fever,High
A00619,Buffalo,11.8,442.8,40.4,18.3,56.0,0.39,Fever,Medium
A00620,Goat,7.1,41.5,39.5,48.2,371.0,1.96,Healthy,Healthy
A00621,Goat,6.4,51.7,39.3,77.3,424.0,2.77,Healthy,Healthy
A00622,Buffalo,13.1,717.9,38.2,72.8,320.0,4.58,Healthy,Healthy
A00623,Goat,7.2,34.7,40.1,90.4,136.0,0.09,Stress,Medium
A00624,Buffalo,5.8,697.5,38.3,63.8,228.0,2.86,Healthy,Healthy
A00625,Cattle,7.5,441.0,39.8,78.5,169.0,0.3,Stress,Low
A00626,Goat,10.2,77.7,38.7,54.8,294.0,4.37,Healthy,Healthy
A00627,Buffalo,9.5,806.7,41.0,4.3,25.0,0.14,Possible Infection,High
A00628,Cattle,7.2,429.3,38.6,48.8,208.0,7.24,Healthy,Healthy
A00629,Goat,9.2,67.6,39.0,7.9,46.0,0.11,Inactive,Low
A00630,Cattle,7.6,644.4,38.7,89.5,274.0,1.64,Healthy,Healthy
A00631,Cattle,2.5,447.2,38.3,9.0,49.0,0.38,Inactive,Medium
A00632,Goat,10.4,79.4,42.1,9.3,44.0,0.11,Possible Infection,High
A00633,Goat,9.0,60.8,39.1,81.0,305.0,2.6,Healthy,Healthy
A00634,Cattle,6.4,505.0,38.6,72.2,337.0,2.05,Healthy,Healthy
A00635,Cattle,9.7,686.6,40.0,100.0,85.0,0.15,Stress,Low
A00636,Cattle,8.7,299.7,38.6,9.2,13.0,0.22,Inactive,Medium
A00637,Cattle,14.4,642.4,38.6,13.3,28.0,0.27,Inactive,Low
A00638,Goat,1.1,55.0,41.3,3.5,14.0,0.09,Possible Infection,High
A00639,Goat,5.0,89.5,42.1,1.2,44.0,0.23,Possible Infection,High
A00640,Cattle,10.6,651.8,38.6,14.5,22.0,0.19,Inactive,Low
A00641,Cattle,5.2,423.6,38.1,6.8,25.0,0.13,Inactive,Medium
A00642,Cattle,10.1,486.8,39.0,61.6,265.0,4.81,Healthy,Healthy
A00643,Goat,7.4,70.5,39.1,10.3,32.0,0.2,Inactive,Medium
A00644,Buffalo,2.9,526.1,38.6,5.6,14.0,0.08,Inactive,Low
A00645,Goat,7.9,72.3,39.2,70.3,258.0,4.38,Healthy,Healthy
A00646,Buffalo,8.2,755.5,38.3,3.3,36.0,0.21,Inactive,Low
A00647,Goat,12.0,74.5,39.6,56.4,307.0,4.03,Healthy,Healthy
A00648,Buffalo,15.0,608.6,38.0,50.1,293.0,3.87,Healthy,Healthy
A00649,Cattle,13.2,341.9,38.5,89.8,261.0,1.15,Healthy,Healthy
A00650,Goat,3.4,41.1,42.3,14.1,35.0,0.0,Possible Infection,High
A00651,Cattle,4.8,575.6,38.5,6.1,27.0,0.02,Inactive,Medium
A00652,Cattle,9.2,433.7,38.6,73.1,461.0,4.8,Healthy,Healthy
A00653,Cattle,12.4,389.1,39.7,84.6,140.0,0.19,Stress,Low
A00654,Cattle,1.1,783.4,38.9,61.7,277.0,4.11,Healthy,Healthy
A00655,Cattle,13.1,638.0,38.0,81.8,331.0,6.64,Healthy,Healthy
A00656,Buffalo,4.1,848.3,39.6,96.2,132.0,0.25,Stress,Low
A00657,Goat,0.4,31.7,41.5,15.3,79.0,0.0,Fever,High
A00658,Goat,6.3,70.6,39.2,95.3,309.0,2.3,Healthy,Healthy
A00659,Buffalo,1.8,743.2,38.3,72.5,285.0,3.07,Healthy,Healthy
A00660,Cattle,13.4,349.5,39.3,91.8,196.0,7.33,Healthy,Healthy
A00661,Buffalo,1.1,693.9,38.1,6.6,16.0,0.18,Inactive,Low
A00662,Goat,6.2,75.4,39.1,92.6,227.0,3.11,Healthy,Healthy
A00663,Goat,9.9,47.4,38.9,84.8,418.0,0.59,Healthy,Healthy
A00664,Cattle,12.2,391.1,41.6,3.7,21.0,0.01,Possible Infection,High
A00665,Cattle,5.5,419.7,39.0,54.5,196.0,5.43,Healthy,Healthy
A00666,Goat,3.2,83.1,38.6,18.2,49.0,0.08,Inactive,Medium
A00667,Cattle,6.1,470.1,38.1,5.6,18.0,0.18,Inactive,Low
A00668,Cattle,7.8,459.1,38.3,65.1,378.0,6.39,Healthy,Healthy
A00669,Cattle,3.8,563.0,38.3,75.8,421.0,4.99,Healthy,Healthy
A00670,Goat,8.5,42.3,38.7,68.8,374.0,4.09,Healthy,Healthy
A00671,Cattle,12.4,568.1,38.4,61.1,425.0,7.75,Healthy,Healthy
A00672,Buffalo,13.5,671.7,38.7,75.7,198.0,4.81,Healthy,Healthy
A00673,Buffalo,15.5,528.3,38.3,47.2,227.0,1.95,Healthy,Healthy
A00674,Goat,11.6,75.9,38.7,61.8,241.0,1.13,Healthy,Healthy
A00675,Buffalo,0.8,550.2,38.6,8.9,16.0,0.18,Inactive,Medium
A00676,Cattle,4.0,795.6,38.2,74.3,464.0,2.1,Healthy,Healthy
A00677,Goat,9.3,42.2,39.4,75.7,354.0,4.35,Healthy,Healthy
A00678,Buffalo,10.0,776.1,40.6,0.0,30.0,0.05,Possible Infection,High
A00679,Goat,5.2,82.0,40.8,33.0,92.0,0.21,Fever,Medium
A00680,Cattle,4.2,690.2,40.1,97.1,130.0,0.44,Stress,Low
A00681,Cattle,12.0,545.5,38.9,66.7,,2.17,Healthy,Healthy
A00682,Goat,8.6,29.6,39.1,92.5,316.0,2.89,Healthy,Healthy
A00683,Cattle,8.6,467.0,38.7,90.8,418.0,5.68,Healthy,Healthy
A00684,Cattle,1.8,329.7,40.8,31.2,80.0,0.3,Fever,Medium
A00685,Goat,3.8,75.1,38.7,84.4,402.0,3.91,Healthy,Healthy
A00686,Cattle,0.5,384.8,39.5,86.8,152.0,0.11,Stress,Medium
A00687,Cattle,4.5,742.9,38.8,48.6,312.0,8.2,Healthy,Healthy
A00688,Goat,11.3,22.2,38.5,9.8,24.0,0.0,Inactive,Low
A00689,Buffalo,4.9,489.5,38.6,67.4,227.0,4.1,Healthy,Healthy
A00690,Buffalo,2.4,789.7,37.9,2.1,50.0,0.19,Inactive,Low
A00691,Goat,4.4,65.2,42.2,26.1,63.0,0.24,Fever,High
A00692,Cattle,13.5,772.8,39.7,86.8,112.0,0.34,Stress,Low
A00693,Goat,8.8,85.1,39.7,79.2,106.0,0.25,Stress,Low
A00694,Cattle,13.2,753.4,42.1,4.7,34.0,0.0,Possible Infection,High
A00695,Goat,3.0,19.2,42.4,27.5,81.0,0.0,Fever,High
A00696,Cattle,9.0,416.4,38.2,77.7,377.0,6.36,Healthy,Healthy
A00697,Goat,2.7,57.7,39.4,73.9,218.0,2.87,Healthy,Healthy
A00698,Cattle,5.9,727.2,39.0,63.4,357.0,6.08,Healthy,Healthy
A00699,Goat,8.5,36.0,38.8,58.3,288.0,0.67,Healthy,Healthy
A00700,Cattle,0.8,420.5,39.2,13.6,12.0,0.08,Inactive,Medium
A00701,Cattle,0.7,364.0,38.8,49.1,314.0,7.54,Healthy,Healthy
A00702,Buffalo,7.3,847.7,39.1,75.2,,0.5,Stress,Low
A00703,Cattle,13.8,353.7,38.6,65.4,336.0,1.94,Healthy,Healthy
A00704,Buffalo,12.4,642.8,38.2,5.8,32.0,0.01,Inactive,Medium
A00705,Cattle,13.4,414.3,39.0,54.3,246.0,4.56,Healthy,Healthy
A00706,Cattle,2.9,311.8,38.8,15.7,14.0,0.15,Inactive,Medium
A00707,Buffalo,12.4,762.7,38.6,71.4,203.0,2.28,Healthy,Healthy
A00708,Goat,9.3,49.0,42.1,21.5,86.0,0.04,Fever,High
A00709,Goat,8.5,37.2,39.6,52.3,382.0,2.55,Healthy,Healthy
A00710,Goat,5.8,48.7,38.9,73.8,321.0,2.27,Healthy,Healthy
A00711,Cattle,6.4,482.9,38.8,53.9,331.0,1.09,Healthy,Healthy
A00712,Goat,0.8,79.1,39.6,89.6,237.0,4.52,Healthy,Healthy
A00713,Goat,11.7,41.1,39.2,58.7,413.0,1.2,Healthy,Healthy
A00714,Cattle,7.6,732.6,38.9,73.2,204.0,5.71,Healthy,Healthy
A00715,Cattle,2.3,585.0,40.0,94.5,114.0,0.5,Stress,Medium
A00716,Goat,1.1,76.6,39.0,54.4,396.0,3.85,Healthy,Healthy
A00717,Buffalo,16.3,652.1,38.3,44.9,,5.34,Healthy,Healthy
A00718,Goat,2.6,33.4,40.5,100.0,180.0,0.29,Stress,Medium
A00719,Buffalo,3.5,537.4,38.8,41.0,224.0,4.23,Healthy,Healthy
A00720,Cattle,14.1,716.0,38.9,47.1,297.0,5.01,Healthy,Healthy
A00721,Goat,4.1,76.5,40.5,94.7,103.0,0.26,Stress,Low
A00722,Goat,8.7,49.8,39.2,73.4,497.0,3.41,Healthy,Healthy
A00723,Buffalo,9.7,881.5,38.1,75.4,293.0,4.1,Healthy,Healthy
A00724,Cattle,1.2,540.2,38.5,58.5,383.0,6.31,Healthy,Healthy
A00725,Cattle,2.5,606.6,38.7,61.4,187.0,1.11,Healthy,Healthy
A00726,Buffalo,5.3,449.8,38.5,8.5,27.0,0.24,Inactive,Medium
A00727,Buffalo,15.8,623.4,41.0,13.0,88.0,0.0,Fever,High
A00728,Cattle,8.7,549.1,38.1,76.9,397.0,6.32,Healthy,Healthy
A00729,Cattle,8.8,592.0,38.2,87.7,272.0,7.8,Healthy,Healthy
A00730,Goat,11.2,60.7,39.3,92.0,289.0,1.92,Healthy,Healthy
A00731,Cattle,8.2,459.0,41.8,28.2,69.0,0.42,Fever,High
A00732,Cattle,3.3,409.0,38.9,91.1,304.0,2.49,Healthy,Healthy
A00733,Buffalo,3.0,575.4,38.7,12.2,3.0,0.15,Inactive,Low
A00734,Buffalo,9.7,679.8,38.6,46.8,254.0,2.96,Healthy,Healthy
A00735,Cattle,13.5,539.8,41.9,32.3,81.0,0.02,Fever,High
A00736,Buffalo,1.3,849.3,38.3,62.9,184.0,0.76,Healthy,Healthy
A00737,Cattle,11.7,731.5,38.4,68.1,475.0,2.69,Healthy,Healthy
A00738,Cattle,4.0,653.5,38.1,15.9,10.0,0.36,Inactive,Medium
A00739,Cattle,2.9,792.0,38.8,69.3,381.0,1.72,Healthy,Healthy
A00740,Cattle,10.3,412.4,38.6,86.1,390.0,3.65,Healthy,Healthy
A00741,Cattle,11.5,599.2,39.9,91.1,96.0,0.0,Stress,Low
A00742,Buffalo,15.7,632.7,39.0,79.2,108.0,0.24,Stress,Medium
A00743,Cattle,1.2,499.0,39.1,9.7,46.0,0.04,Inactive,Medium
A00744,Cattle,0.6,459.3,39.0,84.7,246.0,7.81,Healthy,Healthy
A00745,Cattle,0.6,663.8,38.4,84.5,211.0,2.34,Healthy,Healthy
A00746,Cattle,12.6,329.9,39.3,93.4,215.0,3.15,Healthy,Healthy
A00747,Goat,10.0,74.1,39.3,60.7,325.0,2.43,Healthy,Healthy
A00748,Goat,6.4,36.1,39.9,93.0,104.0,0.42,Stress,Medium
A00749,Goat,10.5,45.1,39.6,54.5,353.0,2.04,Healthy,Healthy
A00750,Goat,9.8,53.8,39.5,67.6,,2.46,Healthy,Healthy
A00751,Buffalo,16.4,561.4,37.8,83.8,243.0,1.45,Healthy,Healthy
A00752,Cattle,12.4,340.6,39.1,50.1,428.0,3.45,Healthy,Healthy
A00753,Buffalo,14.3,721.0,40.8,18.1,80.0,0.15,Fever,High
A00754,Buffalo,13.0,692.6,38.1,38.1,358.0,2.05,Healthy,Healthy
A00755,Goat,2.7,67.6,39.6,62.2,213.0,0.47,Healthy,Healthy
A00756,Cattle,1.3,758.7,38.3,17.3,16.0,0.38,Inactive,Low
A00757,Goat,6.4,57.9,38.7,56.8,367.0,3.25,Healthy,Healthy
A00758,Cattle,11.2,533.2,41.9,6.6,28.0,0.26,Possible Infection,High
A00759,Buffalo,8.9,838.3,39.5,73.1,106.0,0.39,Stress,Low
A00760,Buffalo,9.5,739.5,38.9,48.0,389.0,6.06,Healthy,Healthy
A00761,Goat,10.9,65.6,38.6,75.8,446.0,0.42,Healthy,Healthy
A00762,Goat,7.0,71.9,39.5,10.6,27.0,0.01,Inactive,Low
A00763,Goat,4.4,66.8,41.4,11.1,22.0,0.0,Possible Infection,High
A00764,Goat,0.8,42.2,39.1,68.1,290.0,1.1,Healthy,Healthy
A00765,Cattle,8.6,527.3,40.0,78.7,105.0,0.4,Stress,Low
A00766,Goat,8.9,25.4,39.4,77.5,287.0,3.08,Healthy,Healthy
A00767,Buffalo,16.7,662.5,39.6,75.3,90.0,0.23,Stress,Low
A00768,Goat,3.7,31.9,39.3,9.9,3.0,0.01,Inactive,Medium
A00769,Goat,0.6,56.9,40.3,89.1,178.0,0.23,Stress,Medium
A00770,Goat,6.5,21.9,38.8,74.4,228.0,3.89,Healthy,Healthy
A00771,Buffalo,17.6,729.9,41.9,14.0,78.0,0.13,Fever,High
A00772,Buffalo,5.1,815.3,38.2,57.1,406.0,2.12,Healthy,Healthy
A00773,Goat,3.0,16.7,39.3,15.2,4.0,0.0,Inactive,Low
A00774,Cattle,11.6,747.6,38.5,63.7,393.0,7.73,Healthy,Healthy
A00775,Cattle,3.2,560.4,41.1,19.4,47.0,0.51,Fever,High
A00776,Cattle,5.7,722.9,38.7,80.7,449.0,7.29,Healthy,Healthy
A00777,Goat,3.5,35.6,39.5,94.6,403.0,1.22,Healthy,Healthy
A00778,Cattle,4.6,602.9,39.1,83.5,258.0,2.76,Healthy,Healthy
A00779,Cattle,9.0,467.4,38.1,1.9,20.0,0.07,Inactive,Medium
A00780,Cattle,1.2,770.2,38.0,81.6,203.0,1.89,Healthy,Healthy
A00781,Cattle,14.2,594.1,38.1,91.1,277.0,3.92,Healthy,Healthy
A00782,Cattle,6.4,502.5,39.5,88.4,154.0,0.13,Stress,Medium
A00783,Goat,1.6,87.2,39.5,72.7,423.0,2.02,Healthy,Healthy
A00784,Cattle,14.0,420.7,42.4,7.9,30.0,0.01,Possible Infection,High
A00785,Cattle,9.3,643.5,38.0,,48.0,0.24,Inactive,Low
A00786,Cattle,10.5,463.9,38.7,6.0,29.0,0.09,Inactive,Medium
A00787,Buffalo,2.6,599.9,38.8,52.2,359.0,3.83,Healthy,Healthy
A00788,Goat,1.5,70.6,38.5,74.4,258.0,3.14,Healthy,Healthy
A00789,Cattle,13.4,694.9,41.2,5.2,23.0,0.17,Possible Infection,High
A00790,Cattle,14.8,344.7,38.5,60.2,444.0,7.2,Healthy,Healthy
A00791,Buffalo,2.8,745.5,37.8,44.4,422.0,3.42,Healthy,Healthy
A00792,Cattle,9.2,498.2,39.9,94.4,90.0,0.3,Stress,Low
A00793,Cattle,11.9,569.8,38.5,59.0,484.0,3.21,Healthy,Healthy
A00794,Goat,2.2,33.6,40.1,83.5,135.0,0.24,Stress,Low
A00795,Goat,8.3,28.9,39.9,100.0,131.0,0.5,Stress,Medium
A00796,Goat,1.7,77.6,40.2,95.9,125.0,0.12,Stress,Medium
A00797,Goat,7.4,60.8,40.8,35.9,78.0,0.04,Fever,Medium
A00798,Cattle,2.0,681.2,38.3,67.8,209.0,3.03,Healthy,Healthy
A00799,Buffalo,2.4,526.9,39.5,87.3,101.0,0.09,Stress,Medium
A00800,Cattle,12.1,561.0,39.6,82.4,126.0,0.25,Stress,Medium
A00801,Cattle,13.6,418.6,39.2,51.8,354.0,2.82,Healthy,Healthy
A00802,Goat,8.7,72.9,41.7,4.7,34.0,0.0,Possible Infection,High
A00803,Cattle,5.6,506.7,38.0,51.6,442.0,5.38,Healthy,Healthy
A00804,Goat,7.0,81.0,39.3,50.8,306.0,0.92,Healthy,Healthy
A00805,Buffalo,3.4,509.6,38.8,60.0,159.0,5.01,Healthy,Healthy
A00806,Goat,3.4,35.1,42.1,10.0,35.0,0.0,Possible Infection,High
A00807,Cattle,14.3,805.0,41.9,15.5,79.0,0.29,Fever,High
A00808,Cattle,2.3,730.0,38.7,72.5,346.0,3.94,Healthy,Healthy
A00809,Cattle,7.0,661.8,39.0,59.0,279.0,4.02,Healthy,Healthy
A00810,Buffalo,13.4,506.3,39.4,83.2,122.0,0.32,Stress,Medium
A00811,Cattle,9.7,427.1,38.3,96.0,273.0,1.77,Healthy,Healthy
A00812,Buffalo,13.2,738.4,38.8,10.8,28.0,0.0,Inactive,Medium
A00813,Cattle,3.1,479.6,38.3,69.6,356.0,2.57,Healthy,Healthy
A00814,Cattle,12.4,448.3,38.5,15.9,13.0,0.11,Inactive,Medium
A00815,Cattle,11.8,351.3,41.6,34.7,45.0,0.5,Fever,High
A00816,Cattle,5.7,703.8,39.0,90.3,176.0,6.56,Healthy,Healthy
A00817,Buffalo,16.9,811.1,39.5,81.7,78.0,0.08,Stress,Low
A00818,Buffalo,12.3,422.7,37.9,60.5,237.0,2.66,Healthy,Healthy
A00819,Goat,9.4,52.4,39.6,12.1,18.0,0.09,Inactive,Medium
A00820,Goat,10.5,19.3,38.5,73.5,270.0,3.15,Healthy,Healthy
A00821,Cattle,6.5,342.2,38.2,3.6,43.0,0.41,Inactive,Medium
A00822,Goat,0.9,70.5,39.5,92.4,399.0,4.25,Healthy,Healthy
A00823,Buffalo,15.9,454.3,37.9,51.2,254.0,4.43,Healthy,Healthy
A00824,Cattle,2.6,301.4,38.7,49.5,296.0,5.2,Healthy,Healthy
A00825,Goat,8.0,29.5,39.1,97.0,328.0,3.97,Healthy,Healthy
A00826,Goat,2.8,65.0,39.9,100.0,97.0,0.16,Stress,Low
A00827,Cattle,8.7,524.1,38.3,13.3,29.0,0.08,Inactive,Medium
A00828,Buffalo,15.3,628.0,38.6,40.4,252.0,6.28,Healthy,Healthy
A00829,Buffalo,13.6,653.6,38.0,8.5,44.0,0.0,Inactive,Medium
A00830,Goat,4.1,48.5,40.1,83.2,185.0,0.3,Stress,Medium
A00831,Cattle,1.6,449.6,38.9,70.7,264.0,2.73,Healthy,Healthy
A00832,Goat,5.1,37.6,42.4,36.5,58.0,0.19,Fever,High
A00833,Cattle,4.4,717.1,39.0,12.2,24.0,0.35,Inactive,Medium
A00834,Cattle,2.1,353.4,38.5,84.7,,1.74,Healthy,Healthy
A00835,Cattle,9.9,311.9,38.6,51.6,378.0,5.14,Healthy,Healthy
A00836,Buffalo,4.5,566.7,38.4,76.0,353.0,3.96,Healthy,Healthy
A00837,Buffalo,2.4,539.6,38.3,39.0,355.0,5.0,Healthy,Healthy
A00838,Cattle,9.0,448.6,41.6,10.9,6.0,0.07,Possible Infection,High
A00839,Goat,0.4,73.7,38.8,80.2,338.0,4.4,Healthy,Healthy
A00840,Cattle,1.6,399.4,38.6,83.0,329.0,3.2,Healthy,Healthy
A00841,Goat,2.8,51.6,39.7,54.9,215.0,3.93,Healthy,Healthy
A00842,Goat,6.6,76.2,39.2,7.6,34.0,0.1,Inactive,Medium
A00843,Goat,0.8,40.8,39.6,52.3,471.0,3.39,Healthy,Healthy
A00844,Buffalo,9.0,902.4,38.0,57.4,219.0,5.01,Healthy,Healthy
A00845,Goat,3.3,95.0,38.6,71.0,476.0,2.83,Healthy,Healthy
A00846,Buffalo,3.5,762.1,41.6,7.2,5.0,0.0,Possible Infection,High
A00847,Cattle,6.8,786.0,41.1,9.2,29.0,0.0,Possible Infection,High
A00848,Cattle,12.0,373.6,38.9,61.0,284.0,5.58,Healthy,Healthy
A00849,Cattle,10.0,723.4,38.6,55.4,418.0,6.35,Healthy,Healthy
A00850,Buffalo,11.2,482.1,38.7,51.9,219.0,5.51,Healthy,Healthy
A00851,Goat,1.0,74.7,38.9,12.1,29.0,0.13,Inactive,Medium
A00852,Cattle,14.1,631.4,39.1,13.7,24.0,0.33,Inactive,Low
A00853,Cattle,15.0,340.0,38.3,93.9,218.0,1.65,Healthy,Healthy
A00854,Goat,2.1,58.8,39.4,89.6,338.0,2.97,Healthy,Healthy
A00855,Cattle,7.5,463.0,42.4,7.4,33.0,0.0,Possible Infection,High
A00856,Goat,0.5,82.7,38.8,3.9,14.0,0.17,Inactive,Medium
A00857,Cattle,2.5,583.5,38.9,57.9,276.0,5.63,Healthy,Healthy
A00858,Cattle,12.9,406.0,39.5,99.6,88.0,0.36,Stress,Low
A00859,Cattle,1.6,798.9,39.1,87.8,417.0,1.13,Healthy,Healthy
A00860,Buffalo,4.0,831.8,41.0,10.8,8.0,0.06,Possible Infection,High
A00861,Cattle,1.3,715.6,40.2,25.0,39.0,0.15,Fever,Medium
A00862,Cattle,2.7,584.6,38.9,79.9,254.0,1.6,Healthy,Healthy
A00863,Buffalo,11.8,825.0,40.3,23.7,74.0,0.27,Fever,Medium
A00864,Goat,8.2,88.0,38.9,89.3,409.0,0.84,Healthy,Healthy
A00865,Cattle,6.1,354.0,38.3,58.3,243.0,6.39,Healthy,Healthy
A00866,Cattle,1.6,320.0,38.9,64.2,334.0,4.84,Healthy,Healthy
A00867,Goat,7.4,78.2,39.5,83.0,219.0,1.11,Healthy,Healthy
A00868,Goat,3.9,39.0,38.9,95.7,373.0,3.38,Healthy,Healthy
A00869,Goat,8.7,84.3,39.0,82.4,420.0,4.42,Healthy,Healthy
A00870,Buffalo,7.4,487.4,41.0,4.7,13.0,0.0,Possible Infection,High
A00871,Buffalo,8.3,575.8,40.4,11.4,35.0,0.23,Fever,Medium
A00872,Cattle,11.3,419.1,39.0,13.3,27.0,0.0,Inactive,Medium
A00873,Cattle,11.1,560.4,41.5,16.8,91.0,0.56,Fever,High
A00874,Goat,10.6,28.6,39.5,71.4,293.0,1.15,Healthy,Healthy
A00875,Cattle,11.3,656.4,38.1,90.6,458.0,5.79,Healthy,Healthy
A00876,Cattle,3.0,425.8,41.2,20.5,76.0,0.73,Fever,High
A00877,Cattle,4.1,342.1,39.7,78.4,87.0,0.28,Stress,Low
A00878,Cattle,2.7,608.7,38.6,75.9,404.0,4.68,Healthy,Healthy
A00879,Goat,2.4,34.0,40.8,39.1,103.0,0.11,Fever,Medium
A00880,Buffalo,1.1,889.1,38.3,6.3,27.0,0.03,Inactive,Medium
A00881,Cattle,1.3,645.5,40.8,21.9,83.0,0.23,Fever,Medium
A00882,Goat,6.3,29.4,39.2,56.2,383.0,4.21,Healthy,Healthy
A00883,Cattle,3.0,478.2,38.8,92.0,298.0,2.2,Healthy,Healthy
A00884,Cattle,4.5,782.9,39.2,48.8,325.0,2.61,Healthy,Healthy
A00885,Cattle,9.6,530.7,39.2,7.7,22.0,0.32,Inactive,Medium
A00886,Goat,4.6,29.8,40.5,94.1,144.0,0.37,Stress,Medium
A00887,Cattle,1.7,471.0,39.0,77.9,336.0,2.17,Healthy,Healthy
A00888,Goat,0.4,77.1,40.1,81.8,166.0,0.29,Stress,Medium
A00889,Buffalo,17.9,458.3,41.2,5.2,6.0,0.13,Possible Infection,High
A00890,Cattle,6.9,559.2,38.7,85.7,322.0,6.81,Healthy,Healthy
A00891,Buffalo,3.5,547.4,37.8,70.5,222.0,2.68,Healthy,Healthy
A00892,Buffalo,7.9,752.4,38.8,80.4,251.0,6.44,Healthy,Healthy
A00893,Buffalo,9.3,860.3,38.9,71.2,163.0,1.01,Healthy,Healthy
A00894,Cattle,5.5,747.3,42.7,2.3,21.0,0.0,Possible Infection,High
A00895,Buffalo,6.9,420.9,39.0,88.9,127.0,0.6,Stress,Low
A00896,Cattle,9.8,727.4,41.9,8.1,32.0,0.04,Possible Infection,High
A00897,Cattle,5.7,512.4,38.7,77.4,429.0,3.97,Healthy,Healthy
A00898,Buffalo,10.3,896.6,38.3,81.5,252.0,6.55,Healthy,Healthy
A00899,Cattle,4.5,693.8,40.1,88.4,129.0,0.51,Stress,Medium
A00900,Cattle,14.3,611.3,39.0,76.9,441.0,,Healthy,Healthy
A00901,Cattle,5.5,780.3,38.3,62.1,221.0,1.68,Healthy,Healthy
A00902,Cattle,10.8,612.6,38.5,14.6,62.0,0.0,Inactive,Low
A00903,Buffalo,10.0,882.4,37.8,41.0,302.0,1.46,Healthy,Healthy
A00904,Cattle,6.5,621.5,42.2,32.4,37.0,0.46,Fever,High
A00905,Buffalo,13.8,525.2,37.8,7.2,15.0,0.09,Inactive,Low
A00906,Cattle,6.2,394.8,38.8,79.1,343.0,3.95,Healthy,Healthy
A00907,Goat,3.8,52.6,39.1,91.8,276.0,4.25,Healthy,Healthy
A00908,Buffalo,17.9,650.3,39.2,75.5,61.0,0.36,Stress,Medium
A00909,Goat,10.3,65.1,39.6,53.0,341.0,1.65,Healthy,Healthy
A00910,Goat,10.8,41.2,38.8,7.8,47.0,0.05,Inactive,Low
A00911,Cattle,14.6,779.4,38.2,12.2,35.0,0.35,Inactive,Low
A00912,Cattle,4.8,405.1,38.4,48.6,290.0,1.13,Healthy,Healthy
A00913,Goat,11.5,20.6,41.2,19.9,78.0,0.12,Fever,Medium
A00914,Goat,1.1,72.2,38.7,9.7,53.0,0.12,Inactive,Medium
A00915,Buffalo,6.2,506.4,38.4,48.0,302.0,5.64,Healthy,Healthy
A00916,Goat,3.9,52.5,38.7,79.7,351.0,1.01,Healthy,Healthy
A00917,Buffalo,10.5,621.6,38.3,49.0,233.0,6.39,Healthy,Healthy
A00918,Cattle,12.9,455.2,38.5,9.8,53.0,0.0,Inactive,Low
A00919,Cattle,7.8,753.6,38.8,44.5,393.0,1.1,Healthy,Healthy
A00920,Cattle,9.5,375.8,39.1,88.9,327.0,6.98,Healthy,Healthy
A00921,Goat,9.2,28.4,41.3,26.8,59.0,0.06,Fever,Medium
A00922,Goat,2.4,54.8,39.0,54.4,194.0,4.43,Healthy,Healthy
A00923,Cattle,13.3,388.0,42.2,34.1,88.0,0.55,Fever,High
A00924,Goat,9.4,40.3,38.8,56.1,480.0,1.69,Healthy,Healthy
A00925,Goat,5.4,48.1,40.3,87.3,,0.22,Stress,Medium
A00926,Goat,5.2,85.1,38.6,54.5,502.0,1.8,Healthy,Healthy
A00927,Buffalo,4.6,622.8,39.1,76.9,104.0,0.15,Stress,Low
A00928,Cattle,1.9,694.3,42.3,25.2,83.0,0.12,Fever,High
A00929,Cattle,6.0,762.6,38.9,7.4,38.0,0.15,Inactive,Low
A00930,Cattle,11.3,656.7,40.8,5.2,10.0,0.09,Possible Infection,High
A00931,Cattle,8.6,728.0,39.8,78.2,145.0,0.23,Stress,Low
A00932,Goat,3.9,46.0,40.5,85.1,172.0,0.0,Stress,Medium
A00933,Goat,9.7,50.9,38.6,77.5,230.0,1.78,Healthy,Healthy
A00934,Cattle,14.3,715.6,38.3,46.8,459.0,4.49,Healthy,Healthy
A00935,Goat,2.1,32.5,41.1,14.9,108.0,0.0,Fever,Medium
A00936,Buffalo,1.4,864.1,38.1,43.4,276.0,3.46,Healthy,Healthy
A00937,Buffalo,6.2,475.2,39.1,81.9,59.0,0.01,Stress,Low
A00938,Cattle,1.1,757.5,39.4,56.0,218.0,,Healthy,Healthy
A00939,Cattle,10.5,567.3,41.3,28.4,91.0,0.33,Fever,High
A00940,Cattle,8.6,604.8,39.3,60.9,297.0,2.61,Healthy,Healthy
A00941,Goat,3.6,81.9,38.5,51.4,291.0,4.38,Healthy,Healthy
A00942,Cattle,12.8,726.7,41.8,11.3,10.0,0.0,Possible Infection,High
A00943,Cattle,4.7,418.2,41.8,5.2,12.0,0.12,Possible Infection,High
A00944,Cattle,3.6,575.9,39.0,61.8,203.0,4.3,Healthy,Healthy
A00945,Cattle,5.1,781.7,38.3,89.9,432.0,2.17,Healthy,Healthy
A00946,Buffalo,6.1,893.3,38.5,70.2,204.0,1.19,Healthy,Healthy
A00947,Buffalo,14.9,490.4,38.3,36.5,414.0,5.45,Healthy,Healthy
A00948,Cattle,12.3,686.7,41.9,33.8,99.0,0.17,Fever,High
A00949,Cattle,1.7,665.4,38.4,10.9,45.0,0.22,Inactive,Medium
A00950,Goat,4.9,41.6,38.8,55.4,434.0,0.59,Healthy,Healthy
A00951,Cattle,10.0,357.9,39.2,63.7,,2.69,Healthy,Healthy
A00952,Cattle,10.5,793.8,38.6,75.8,469.0,6.71,Healthy,Healthy
A00953,Cattle,6.7,363.5,38.8,53.3,220.0,4.83,Healthy,Healthy
A00954,Cattle,4.9,745.7,38.9,81.8,416.0,2.9,Healthy,Healthy
A00955,Buffalo,7.5,422.5,39.5,95.9,94.0,0.3,Stress,Medium
A00956,Cattle,10.4,685.1,39.1,62.1,458.0,4.82,Healthy,Healthy
A00957,Goat,10.1,59.6,40.6,36.8,53.0,0.21,Fever,Medium
A00958,Goat,8.9,89.8,39.0,5.5,9.0,0.16,Inactive,Low
A00959,Cattle,1.5,784.3,39.9,100.0,109.0,0.46,Stress,Low
A00960,Goat,5.3,53.6,39.6,100.0,435.0,4.27,Healthy,Healthy
A00961,Cattle,8.9,759.5,38.7,83.9,442.0,6.5,Healthy,Healthy
A00962,Goat,3.6,86.3,38.9,51.0,290.0,0.94,Healthy,Healthy
A00963,Cattle,7.7,498.5,41.0,7.3,22.0,0.12,Possible Infection,High
A00964,Goat,11.0,50.6,40.3,90.5,95.0,0.23,Stress,Low
A00965,Buffalo,12.0,414.2,38.8,46.2,297.0,5.07,Healthy,Healthy
A00966,Cattle,9.6,337.2,38.2,64.2,208.0,2.51,Healthy,Healthy
A00967,Cattle,7.6,712.4,39.9,100.0,115.0,0.36,Stress,Medium
A00968,Cattle,14.0,365.8,38.8,75.0,213.0,3.23,Healthy,Healthy
A00969,Cattle,4.6,312.9,38.5,8.5,53.0,0.25,Inactive,Medium
A00970,Buffalo,5.6,553.3,38.6,5.5,19.0,0.1,Inactive,Medium
A00971,Cattle,1.4,793.3,38.5,78.7,292.0,,Healthy,Healthy
A00972,Cattle,6.5,512.8,38.6,79.6,263.0,3.29,Healthy,Healthy
A00973,Goat,5.8,62.9,38.9,56.7,252.0,3.11,Healthy,Healthy
A00974,Goat,7.4,76.9,39.6,83.1,93.0,0.2,Stress,Low
A00975,Cattle,11.7,320.2,39.2,88.6,274.0,5.08,Healthy,Healthy
A00976,Goat,6.9,47.3,39.0,98.3,296.0,3.0,Healthy,Healthy
A00977,Cattle,2.7,684.6,38.7,90.2,416.0,6.79,Healthy,Healthy
A00978,Goat,0.9,86.5,38.8,91.2,321.0,0.7,Healthy,Healthy
A00979,Buffalo,9.6,405.9,38.0,79.6,402.0,6.23,Healthy,Healthy
A00980,Goat,10.3,50.5,40.3,,86.0,,Stress,Low
A00981,Goat,11.4,30.0,39.5,73.7,,3.3,Healthy,Healthy
A00982,Cattle,3.5,392.1,38.7,86.4,348.0,7.45,Healthy,Healthy
A00983,Buffalo,15.5,792.9,37.8,46.9,170.0,5.25,Healthy,Healthy
A00984,Goat,7.9,24.9,38.7,73.0,392.0,1.01,Healthy,Healthy
A00985,Cattle,6.9,684.7,40.2,33.3,41.0,0.18,Fever,Medium
A00986,Goat,4.6,41.0,38.6,55.3,240.0,1.01,Healthy,Healthy
A00987,Goat,5.7,41.1,39.6,97.4,212.0,1.01,Healthy,Healthy
A00988,Cattle,5.6,345.5,38.6,95.9,280.0,7.13,Healthy,Healthy
A00989,Goat,9.4,86.2,42.3,9.8,39.0,0.0,Possible Infection,High
A00990,Cattle,12.6,710.8,39.9,87.1,116.0,0.16,Stress,Medium
A00991,Goat,9.3,23.3,38.5,89.6,357.0,0.59,Healthy,Healthy
A00992,Buffalo,11.2,519.1,38.6,9.0,33.0,0.05,Inactive,Medium
A00993,Goat,0.8,64.9,39.0,12.7,22.0,0.0,Inactive,Medium
A00994,Goat,6.7,78.5,39.5,56.3,341.0,4.37,Healthy,Healthy
A00995,Goat,11.6,77.2,39.2,5.3,59.0,0.21,Inactive,Low
A00996,Goat,2.8,25.9,39.1,50.5,321.0,0.85,Healthy,Healthy
A00997,Cattle,11.3,410.4,39.7,100.0,113.0,0.28,Stress,Low
A00998,Cattle,13.3,477.6,39.2,76.0,454.0,6.26,Healthy,Healthy
A00999,Cattle,14.4,515.5,38.7,62.1,306.0,3.56,Healthy,Healthy
A01000,Cattle,11.7,375.7,38.8,54.5,437.0,3.2,Healthy,Healthy
A01001,Cattle,8.1,609.4,38.4,50.5,401.0,7.28,Healthy,Healthy
A01002,Buffalo,13.1,430.3,38.3,78.5,278.0,1.66,Healthy,Healthy
A01003,Cattle,14.8,559.0,38.6,46.2,325.0,3.85,Healthy,Healthy
A01004,Goat,9.9,59.8,42.1,9.6,36.0,0.03,Possible Infection,High
A01005,Goat,9.4,73.5,40.1,100.0,150.0,0.37,Stress,Medium
A01006,Cattle,5.5,481.9,40.0,91.9,120.0,0.31,Stress,Low
A01007,Cattle,9.2,389.1,38.8,12.8,34.0,0.28,Inactive,Medium
A01008,Buffalo,10.1,507.5,39.4,80.7,114.0,0.33,Stress,Medium
A01009,Cattle,2.5,570.1,38.8,64.8,328.0,7.19,Healthy,Healthy
A01010,Cattle,8.1,307.7,40.0,79.0,146.0,0.13,Stress,Low
A01011,Buffalo,5.8,459.6,38.5,86.0,154.0,4.19,Healthy,Healthy
A01012,Cattle,1.3,506.5,38.1,70.2,271.0,4.66,Healthy,Healthy
A01013,Cattle,12.9,593.8,42.7,11.6,16.0,0.1,Possible Infection,High
A01014,Buffalo,8.0,455.2,38.2,5.6,40.0,0.22,Inactive,Medium
A01015,Cattle,8.0,609.7,38.0,7.6,56.0,0.23,Inactive,Medium
A01016,Goat,0.5,53.8,39.5,97.9,491.0,4.1,Healthy,Healthy
A01017,Buffalo,16.7,634.6,38.5,45.0,370.0,2.28,Healthy,Healthy
A01018,Goat,11.7,40.3,41.4,24.5,49.0,0.2,Fever,Medium
A01019,Cattle,4.5,496.8,38.8,78.6,422.0,4.34,Healthy,Healthy
A01020,Cattle,11.5,384.3,38.5,56.7,285.0,2.73,Healthy,Healthy
A01021,Goat,5.0,83.1,40.9,27.9,117.0,0.1,Fever,Medium
A01022,Buffalo,12.6,769.9,37.8,68.3,253.0,1.38,Healthy,Healthy
A01023,Goat,7.4,22.6,38.6,16.2,15.0,0.0,Inactive,Medium
A01024,Goat,8.3,52.2,41.3,10.3,5.0,0.0,Possible Infection,High
A01025,Cattle,1.6,406.9,38.6,70.8,182.0,1.55,Healthy,Healthy
A01026,Cattle,11.8,489.3,39.0,71.9,393.0,7.36,Healthy,Healthy
A01027,Goat,1.8,50.3,39.1,67.8,224.0,4.4,Healthy,Healthy
A01028,Cattle,2.3,469.2,38.1,94.3,189.0,4.11,Healthy,Healthy
A01029,Goat,7.2,62.3,39.2,90.4,461.0,0.73,Healthy,Healthy
A01030,Cattle,15.0,542.7,40.5,17.5,44.0,0.41,Fever,Medium
A01031,Cattle,14.9,485.7,39.1,83.6,384.0,6.93,Healthy,Healthy
A01032,Goat,2.4,16.5,41.8,21.5,77.0,0.14,Fever,High
A01033,Cattle,7.8,401.5,42.0,33.5,68.0,0.46,Fever,High
A01034,Cattle,1.9,738.0,38.4,12.2,27.0,0.23,Inactive,Medium
A01035,Cattle,6.5,574.1,39.9,81.3,114.0,0.45,Stress,Low
A01036,Cattle,3.9,518.2,40.2,16.0,43.0,0.16,Fever,Medium
A01037,Cattle,14.0,411.1,42.7,6.0,0.0,0.02,Possible Infection,High
A01038,Cattle,4.1,360.2,39.1,49.9,347.0,3.3,Healthy,Healthy
A01039,Buffalo,5.8,676.1,38.0,62.8,380.0,5.72,Healthy,Healthy
A01040,Goat,10.9,21.9,38.8,17.8,42.0,0.06,Inactive,Low
A01041,Buffalo,5.3,725.9,38.2,46.9,411.0,6.05,Healthy,Healthy
A01042,Goat,5.2,73.2,39.7,13.8,57.0,0.12,Inactive,Low
A01043,Cattle,4.2,473.1,41.0,26.7,59.0,0.08,Fever,Medium
A01044,Goat,4.1,45.6,39.1,3.7,8.0,0.22,Inactive,Medium
A01045,Buffalo,10.2,888.6,38.0,50.6,256.0,5.2,Healthy,Healthy
A01046,Cattle,6.3,702.2,39.0,51.9,207.0,7.29,Healthy,Healthy
A01047,Buffalo,2.2,525.4,39.6,96.9,127.0,0.15,Stress,Low
A01048,Goat,1.5,46.1,39.0,79.2,335.0,0.57,Healthy,Healthy
A01049,Cattle,12.2,427.2,38.1,71.8,240.0,6.25,Healthy,Healthy
A01050,Goat,8.1,80.9,41.7,24.9,90.0,0.1,Fever,High
A01051,Cattle,5.8,674.8,40.9,28.0,66.0,0.65,Fever,Medium
A01052,Buffalo,13.0,900.2,39.3,93.0,115.0,0.24,Stress,Low
A01053,Cattle,7.4,421.9,40.9,5.9,36.0,0.2,Possible Infection,High
A01054,Buffalo,13.6,421.4,38.8,4.8,36.0,0.21,Inactive,Low
A01055,Buffalo,1.1,530.2,39.5,79.2,86.0,0.0,Stress,Medium
A01056,Buffalo,9.1,723.9,38.8,55.1,360.0,4.17,Healthy,Healthy
A01057,Cattle,1.7,721.0,38.5,53.5,367.0,5.85,Healthy,Healthy
A01058,Goat,2.6,84.4,40.0,79.2,169.0,0.28,Stress,Medium
A01059,Cattle,4.7,703.6,39.7,100.0,119.0,0.53,Stress,Medium
A01060,Cattle,5.0,669.4,38.7,89.8,270.0,5.59,Healthy,Healthy
A01061,Cattle,10.5,409.6,38.7,76.8,193.0,7.06,Healthy,Healthy
A01062,Goat,1.0,77.3,38.5,83.2,202.0,4.18,Healthy,Healthy
A01063,Cattle,5.0,523.6,38.2,96.1,330.0,2.23,Healthy,Healthy
A01064,Goat,3.7,78.9,39.3,96.9,389.0,3.39,Healthy,Healthy
A01065,Cattle,8.4,778.8,38.2,12.5,35.0,0.05,Inactive,Medium
A01066,Buffalo,7.3,804.8,38.3,36.5,168.0,5.66,Healthy,Healthy
A01067,Buffalo,13.9,582.8,39.2,90.2,116.0,0.39,Stress,Low
A01068,Cattle,10.8,569.7,38.7,3.0,42.0,0.1,Inactive,Low
A01069,Buffalo,7.8,554.1,41.2,11.8,31.0,0.45,Fever,High
A01070,Goat,11.1,80.8,40.2,85.3,155.0,0.1,Stress,Low
A01071,Cattle,8.8,736.8,39.8,91.2,134.0,0.52,Stress,Medium
A01072,Cattle,3.5,491.2,38.2,,375.0,5.21,Healthy,Healthy
A01073,Cattle,11.3,401.9,39.8,100.0,102.0,0.41,Stress,Medium
A01074,Goat,4.4,89.6,38.8,74.7,413.0,4.54,Healthy,Healthy
A01075,Goat,4.1,61.8,39.0,99.0,401.0,2.1,Healthy,Healthy
A01076,Cattle,4.7,432.6,40.0,100.0,141.0,0.28,Stress,Low
A01077,Cattle,4.0,484.9,41.8,4.1,26.0,0.07,Possible Infection,High
A01078,Buffalo,4.0,810.4,38.9,9.5,21.0,0.2,Inactive,Medium
A01079,Goat,1.7,37.9,41.5,5.6,29.0,0.0,Possible Infection,High
A01080,Cattle,0.9,405.3,38.5,66.1,190.0,5.25,Healthy,Healthy
A01081,Goat,1.1,73.6,39.3,69.8,253.0,3.4,Healthy,Healthy
A01082,Goat,5.3,44.5,39.4,97.7,400.0,2.33,Healthy,Healthy
A01083,Goat,4.8,86.0,38.9,56.5,196.0,,Healthy,Healthy
A01084,Buffalo,4.9,579.9,39.9,14.8,82.0,0.4,Fever,Medium
A01085,Goat,8.3,45.8,39.0,60.4,299.0,,Healthy,Healthy
A01086,Cattle,13.3,367.8,38.1,67.3,261.0,4.95,Healthy,Healthy
A01087,Cattle,10.9,492.2,42.2,15.4,52.0,0.05,Fever,High
A01088,Cattle,8.6,429.7,38.1,81.1,274.0,4.18,Healthy,Healthy
A01089,Cattle,13.4,587.3,41.6,0.6,24.0,0.0,Possible Infection,High
A01090,Buffalo,16.3,514.2,38.1,77.5,274.0,0.96,Healthy,Healthy
A01091,Cattle,1.6,693.5,40.1,25.2,75.0,0.34,Fever,Medium
A01092,Cattle,5.6,552.3,39.2,0.5,33.0,0.25,Inactive,Medium
A01093,Cattle,5.2,412.1,38.2,50.6,456.0,1.99,Healthy,Healthy
A01094,Goat,3.4,61.1,39.5,86.7,467.0,4.21,Healthy,Healthy
A01095,Cattle,1.1,461.4,38.5,51.1,253.0,7.04,Healthy,Healthy
A01096,Cattle,3.9,640.9,38.6,81.9,466.0,1.77,Healthy,Healthy
A01097,Goat,6.6,31.3,39.2,62.0,415.0,2.09,Healthy,Healthy
A01098,Goat,11.2,51.8,39.3,92.3,344.0,3.88,Healthy,Healthy
A01099,Goat,6.4,44.3,41.8,27.4,120.0,0.2,Fever,High
A01100,Cattle,7.3,315.9,39.2,56.7,321.0,1.39,Healthy,Healthy
A01101,Cattle,3.5,582.0,41.0,7.0,34.0,0.13,Possible Infection,High
A01102,Cattle,13.0,507.1,38.9,74.5,301.0,6.53,Healthy,Healthy
A01103,Goat,6.9,74.3,39.3,87.3,452.0,3.46,Healthy,Healthy
A01104,Cattle,1.3,642.6,38.1,52.7,207.0,1.46,Healthy,Healthy
A01105,Cattle,11.8,327.0,38.3,96.1,,6.91,Healthy,Healthy
A01106,Cattle,10.5,497.2,42.1,35.4,70.0,0.27,Fever,High
A01107,Buffalo,14.1,571.3,37.8,42.7,260.0,2.01,Healthy,Healthy
A01108,Goat,3.1,42.5,41.5,29.5,112.0,0.14,Fever,High
A01109,Goat,2.7,63.1,39.6,54.2,335.0,1.34,Healthy,Healthy
A01110,Cattle,14.6,583.9,39.8,85.7,126.0,0.18,Stress,Low
A01111,Buffalo,7.3,610.2,41.9,19.6,71.0,0.15,Fever,High
A01112,Cattle,2.8,719.8,42.0,25.3,58.0,0.22,Fever,High
A01113,Buffalo,1.3,875.0,39.8,20.5,79.0,0.43,Fever,Medium
A01114,Cattle,2.0,543.3,41.7,4.7,17.0,0.0,Possible Infection,High
A01115,Buffalo,17.0,470.2,37.9,69.5,226.0,4.86,Healthy,Healthy
A01116,Goat,7.4,44.9,38.8,78.8,331.0,2.02,Healthy,Healthy
A01117,Cattle,3.9,323.5,39.1,93.8,364.0,2.2,Healthy,Healthy
A01118,Goat,7.7,67.6,41.5,4.8,25.0,0.07,Possible Infection,High
A01119,Cattle,9.9,794.4,38.0,60.3,242.0,6.58,Healthy,Healthy
A01120,Goat,8.0,45.4,39.2,70.4,300.0,2.94,Healthy,Healthy
A01121,Cattle,13.8,314.5,41.2,24.6,90.0,0.22,Fever,High
A01122,Cattle,0.6,654.2,39.2,55.2,371.0,6.24,Healthy,Healthy
A01123,Cattle,6.1,305.2,39.0,62.3,335.0,3.52,Healthy,Healthy
A01124,Goat,7.1,47.4,39.5,68.0,286.0,3.82,Healthy,Healthy
A01125,Cattle,1.3,591.5,38.6,53.6,232.0,2.15,Healthy,Healthy
A01126,Buffalo,4.1,432.5,39.4,78.9,59.0,0.0,Stress,Low
A01127,Cattle,1.2,782.2,41.7,4.5,29.0,0.23,Possible Infection,High
A01128,Cattle,10.8,689.3,41.3,24.5,100.0,0.43,Fever,High
A01129,Cattle,8.1,644.9,38.5,9.0,14.0,0.31,Inactive,Medium
A01130,Goat,4.9,52.9,38.8,5.2,42.0,0.11,Inactive,Medium
A01131,Goat,0.6,80.7,38.8,84.5,209.0,3.72,Healthy,Healthy
A01132,Goat,4.3,59.4,38.8,68.0,451.0,0.99,Healthy,Healthy
A01133,Cattle,1.1,523.6,39.2,8.6,48.0,0.03,Inactive,Low
A01134,Cattle,2.3,446.6,39.1,59.5,400.0,5.11,Healthy,Healthy
A01135,Cattle,2.2,750.1,38.6,,346.0,4.42,Healthy,Healthy
A01136,Buffalo,11.6,621.8,41.1,14.0,86.0,0.21,Fever,High
A01137,Buffalo,7.2,714.5,40.9,21.9,58.0,0.29,Fever,High
A01138,Goat,4.2,63.0,42.3,11.6,30.0,0.0,Possible Infection,High
A01139,Goat,7.4,84.6,38.7,97.7,424.0,1.12,Healthy,Healthy
A01140,Goat,10.2,34.0,38.9,53.8,319.0,1.94,Healthy,Healthy
A01141,Cattle,9.6,618.2,39.0,82.5,475.0,2.29,Healthy,Healthy
A01142,Buffalo,1.3,687.9,38.2,45.0,236.0,1.21,Healthy,Healthy
A01143,Goat,7.0,56.8,38.9,57.0,378.0,2.59,Healthy,Healthy
A01144,Cattle,12.4,624.5,38.3,86.7,328.0,4.46,Healthy,Healthy
A01145,Goat,6.3,53.4,39.9,99.4,174.0,0.12,Stress,Low
A01146,Buffalo,1.0,607.0,38.8,65.1,176.0,5.67,Healthy,Healthy
A01147,Buffalo,13.1,555.3,38.7,67.3,336.0,3.57,Healthy,Healthy
A01148,Goat,11.1,82.5,39.3,74.0,418.0,1.74,Healthy,Healthy
A01149,Cattle,5.1,493.8,39.0,86.0,197.0,1.27,Healthy,Healthy
A01150,Cattle,13.0,759.0,41.2,25.8,97.0,0.16,Fever,High
A01151,Goat,9.6,35.0,38.8,75.0,404.0,3.14,Healthy,Healthy
A01152,Cattle,3.1,581.3,42.4,5.4,26.0,0.12,Possible Infection,High
A01153,Buffalo,11.8,845.5,38.2,60.7,169.0,3.77,Healthy,Healthy
A01154,Goat,7.1,15.1,43.0,8.8,24.0,0.05,Possible Infection,High
A01155,Goat,10.6,90.8,39.4,5.4,33.0,0.1,Inactive,Medium
A01156,Goat,6.5,30.7,38.8,77.4,224.0,2.81,Healthy,Healthy
A01157,Goat,1.8,60.4,39.5,18.3,57.0,0.16,Inactive,Medium
A01158,Cattle,13.5,313.9,38.9,94.0,383.0,7.9,Healthy,Healthy
A01159,Cattle,6.0,613.7,38.3,81.8,383.0,7.29,Healthy,Healthy
A01160,Cattle,7.8,701.9,39.0,75.2,338.0,3.92,Healthy,Healthy
A01161,Buffalo,0.6,820.0,37.9,51.9,400.0,5.51,Healthy,Healthy
A01162,Buffalo,6.9,427.5,42.2,0.1,19.0,0.02,Possible Infection,High
A01163,Goat,8.0,35.9,40.1,100.0,103.0,0.06,Stress,Low
A01164,Cattle,7.1,421.1,38.3,88.3,328.0,6.1,Healthy,Healthy
A01165,Cattle,14.1,341.2,39.5,96.8,157.0,0.73,Stress,Low
A01166,Goat,10.0,70.8,41.6,20.0,101.0,0.16,Fever,High
A01167,Cattle,4.0,753.2,41.8,19.9,100.0,0.44,Fever,High
A01168,Buffalo,7.1,554.7,38.4,,339.0,1.68,Healthy,Healthy
A01169,Goat,5.4,47.5,40.5,100.0,138.0,0.03,Stress,Low
A01170,Cattle,0.8,699.6,38.4,84.6,411.0,5.56,Healthy,Healthy
A01171,Goat,10.0,28.8,39.3,63.4,425.0,0.84,Healthy,Healthy
A01172,Cattle,1.8,406.2,40.2,25.5,46.0,0.32,Fever,Medium
A01173,Cattle,8.6,571.0,39.8,95.9,96.0,0.42,Stress,Low
A01174,Cattle,2.0,753.2,41.4,31.1,95.0,0.14,Fever,High
A01175,Goat,10.4,81.2,38.9,49.6,456.0,3.91,Healthy,Healthy
A01176,Goat,8.8,77.0,42.6,10.8,17.0,0.02,Possible Infection,High
A01177,Buffalo,4.4,666.0,38.3,65.6,188.0,2.58,Healthy,Healthy
A01178,Buffalo,17.8,879.6,38.5,71.8,369.0,5.0,Healthy,Healthy
A01179,Goat,4.6,14.9,39.7,81.1,442.0,1.73,Healthy,Healthy
A01180,Buffalo,10.8,862.8,41.6,28.6,63.0,0.35,Fever,High
A01181,Cattle,0.6,651.1,39.0,83.8,471.0,5.43,Healthy,Healthy
A01182,Cattle,0.5,395.3,41.2,6.7,14.0,0.0,Possible Infection,High
A01183,Cattle,8.7,652.8,38.1,10.1,34.0,,Inactive,Medium
A01184,Cattle,6.0,361.2,39.1,11.6,29.0,0.06,Inactive,Medium
A01185,Buffalo,10.7,710.4,38.7,68.3,204.0,3.0,Healthy,Healthy
A01186,Buffalo,0.7,786.5,41.4,26.2,48.0,0.3,Fever,High
A01187,Cattle,12.2,672.6,42.4,5.6,24.0,0.0,Possible Infection,High
A01188,Cattle,8.1,472.3,39.5,87.6,112.0,0.31,Stress,Low
A01189,Goat,6.2,67.5,39.1,72.6,448.0,1.57,Healthy,Healthy
A01190,Goat,9.1,51.7,41.6,14.1,54.0,0.26,Fever,High
A01191,Buffalo,13.2,653.5,38.3,54.3,148.0,4.32,Healthy,Healthy
A01192,Cattle,4.4,673.4,38.8,6.2,46.0,0.15,Inactive,Medium
A01193,Cattle,6.9,644.4,41.8,28.7,76.0,0.07,Fever,High
A01194,Goat,6.9,32.1,42.3,20.7,100.0,0.14,Fever,High
A01195,Cattle,4.4,706.0,39.1,2.2,40.0,0.25,Inactive,Low
A01196,Cattle,3.9,683.4,39.2,12.1,49.0,0.2,Inactive,Medium
A01197,Cattle,11.7,635.4,38.1,8.7,21.0,0.18,Inactive,Low
A01198,Buffalo,3.6,536.1,42.4,3.4,0.0,0.0,Possible Infection,High
A01199,Buffalo,16.8,670.5,38.0,43.5,180.0,1.63,Healthy,Healthy
A01200,Cattle,1.9,459.0,38.6,91.8,300.0,1.32,Healthy,Healthy
A01201,Cattle,9.3,517.2,38.4,68.7,296.0,3.43,Healthy,Healthy
A01202,Cattle,13.4,653.4,40.5,33.2,44.0,0.49,Fever,Medium
A01203,Buffalo,16.9,522.2,37.9,64.1,337.0,3.61,Healthy,Healthy
A01204,Buffalo,17.0,768.8,40.8,29.3,57.0,0.3,Fever,High
A01205,Buffalo,16.3,853.1,38.2,6.4,,0.34,Inactive,Medium
A01206,Buffalo,8.5,757.5,41.9,4.4,33.0,0.0,Possible Infection,High
A01207,Goat,4.5,31.3,39.3,81.9,374.0,0.93,Healthy,Healthy
A01208,Goat,11.1,90.8,39.2,6.8,26.0,0.08,Inactive,Low
A01209,Goat,3.4,55.6,39.3,64.2,436.0,1.33,Healthy,Healthy
A01210,Cattle,11.8,466.5,39.9,78.9,110.0,0.0,Stress,Low
A01211,Cattle,11.5,480.2,38.6,73.3,463.0,1.47,Healthy,Healthy
A01212,Buffalo,11.6,829.8,41.2,16.0,64.0,0.28,Fever,High
A01213,Cattle,5.5,353.4,38.4,96.6,272.0,2.73,Healthy,Healthy
A01214,Cattle,1.7,752.6,41.7,6.1,52.0,0.22,Possible Infection,High
A01215,Buffalo,0.8,752.5,41.0,18.3,75.0,0.26,Fever,High
A01216,Goat,7.2,88.0,38.6,91.1,409.0,3.67,Healthy,Healthy
A01217,Cattle,2.3,702.7,41.8,16.6,63.0,0.45,Fever,High
A01218,Goat,3.7,41.3,38.9,67.3,275.0,2.9,Healthy,Healthy
A01219,Goat,2.2,41.3,42.2,6.7,18.0,0.0,Possible Infection,High
A01220,Cattle,6.5,321.1,38.9,85.9,282.0,1.43,Healthy,Healthy
A01221,Buffalo,2.6,568.8,38.0,44.8,314.0,5.38,Healthy,Healthy
A01222,Cattle,6.3,703.5,39.0,14.2,18.0,0.08,Inactive,Medium
A01223,Buffalo,0.8,515.0,38.5,43.6,221.0,5.97,Healthy,Healthy
A01224,Cattle,9.4,460.5,38.9,93.3,458.0,2.96,Healthy,Healthy
A01225,Cattle,2.9,335.7,39.4,90.8,132.0,0.45,Stress,Low
A01226,Cattle,3.7,397.5,38.3,9.6,23.0,0.03,Inactive,Low
A01227,Goat,0.4,86.7,40.0,,176.0,0.43,Stress,Medium
A01228,Cattle,14.2,385.5,38.4,51.9,405.0,1.47,Healthy,Healthy
A01229,Cattle,14.3,442.4,41.4,5.0,16.0,0.28,Possible Infection,High
A01230,Cattle,5.1,561.9,39.0,84.3,288.0,5.77,Healthy,Healthy
A01231,Cattle,8.0,491.8,40.0,79.5,106.0,0.44,Stress,Low
A01232,Cattle,13.9,352.5,40.6,22.8,,0.35,Fever,Medium
A01233,Goat,0.9,49.9,39.2,79.5,245.0,3.92,Healthy,Healthy
A01234,Goat,4.7,63.1,41.6,27.6,69.0,0.05,Fever,High
A01235,Buffalo,6.9,838.5,38.9,38.8,409.0,2.26,Healthy,Healthy
A01236,Goat,5.0,39.4,39.8,81.9,137.0,0.13,Stress,Medium
A01237,Cattle,7.2,370.2,39.0,11.3,29.0,0.35,Inactive,Medium
A01238,Goat,9.9,68.3,39.0,9.3,38.0,0.14,Inactive,Low
A01239,Buffalo,14.9,774.6,41.4,5.2,10.0,0.08,Possible Infection,High
A01240,Cattle,12.7,657.1,38.7,11.7,45.0,0.17,Inactive,Medium
A01241,Buffalo,15.9,628.9,38.0,37.3,405.0,1.57,Healthy,Healthy
A01242,Buffalo,7.9,608.8,39.4,71.2,130.0,0.32,Stress,Medium
A01243,Buffalo,15.0,861.3,39.1,84.9,80.0,0.21,Stress,Medium
A01244,Cattle,8.8,357.3,41.5,6.9,20.0,0.0,Possible Infection,High
A01245,Buffalo,6.0,609.0,37.8,37.1,,2.24,Healthy,Healthy
A01246,Goat,11.7,75.5,40.3,92.4,84.0,0.22,Stress,Medium
A01247,Cattle,5.8,676.0,38.4,60.2,395.0,3.04,Healthy,Healthy
A01248,Buffalo,13.3,854.5,40.7,12.4,55.0,0.31,Fever,Medium
A01249,Goat,8.3,51.0,38.8,6.5,45.0,0.27,Inactive,Low
A01250,Cattle,2.1,313.2,39.6,83.8,79.0,0.06,Stress,Medium
A01251,Buffalo,14.0,776.0,41.8,21.2,88.0,0.51,Fever,High
A01252,Buffalo,5.4,494.7,37.8,9.9,37.0,0.13,Inactive,Medium
A01253,Goat,6.0,74.9,38.8,58.6,375.0,3.37,Healthy,Healthy
A01254,Cattle,5.1,601.7,38.4,46.5,204.0,3.05,Healthy,Healthy
A01255,Cattle,1.5,642.0,38.1,51.1,264.0,6.31,Healthy,Healthy
A01256,Goat,9.5,64.9,39.2,52.7,396.0,1.23,Healthy,Healthy
A01257,Buffalo,6.6,419.5,38.3,74.7,295.0,1.19,Healthy,Healthy
A01258,Buffalo,17.3,473.2,38.6,68.4,201.0,1.99,Healthy,Healthy
A01259,Goat,3.7,44.9,38.8,96.0,436.0,0.83,Healthy,Healthy
A01260,Cattle,5.0,602.5,38.1,50.2,374.0,6.33,Healthy,Healthy
A01261,Goat,2.7,58.0,39.1,15.8,51.0,0.13,Inactive,Medium
A01262,Goat,1.0,62.3,41.4,6.4,3.0,0.0,Possible Infection,High
A01263,Goat,4.2,85.5,39.3,97.8,268.0,4.58,Healthy,Healthy
A01264,Cattle,14.4,573.9,38.5,84.5,336.0,0.94,Healthy,Healthy
A01265,Cattle,5.9,478.2,42.3,28.5,32.0,0.17,Fever,High
A01266,Goat,10.4,83.6,41.6,10.8,37.0,0.16,Possible Infection,High
A01267,Cattle,9.2,482.3,39.2,84.5,172.0,6.51,Healthy,Healthy
A01268,Cattle,14.7,419.8,38.9,50.1,280.0,3.98,Healthy,Healthy
A01269,Buffalo,15.7,496.0,38.3,58.5,186.0,5.51,Healthy,Healthy
A01270,Buffalo,7.0,519.0,38.4,78.5,260.0,3.32,Healthy,Healthy
A01271,Buffalo,7.4,897.0,40.9,18.2,49.0,0.4,Fever,High
A01272,Buffalo,17.8,458.5,39.2,70.0,112.0,0.39,Stress,Medium
A01273,Buffalo,7.7,677.5,38.8,74.0,249.0,4.83,Healthy,Healthy
A01274,Cattle,14.4,455.7,39.2,56.6,236.0,4.48,Healthy,Healthy
A01275,Cattle,7.9,378.6,39.0,14.6,46.0,0.0,Inactive,Medium
A01276,Goat,10.6,72.6,39.1,73.1,311.0,4.5,Healthy,Healthy
A01277,Goat,1.7,50.3,41.8,28.3,49.0,0.17,Fever,High
A01278,Buffalo,2.9,553.2,38.1,70.9,185.0,5.65,Healthy,Healthy
A01279,Goat,2.1,42.6,39.4,94.7,222.0,0.6,Healthy,Healthy
A01280,Cattle,5.2,606.4,41.9,19.8,106.0,0.45,Fever,High
A01281,Cattle,6.0,417.9,41.7,5.6,33.0,0.08,Possible Infection,High
A01282,Goat,3.7,61.2,39.3,11.8,56.0,0.07,Inactive,Medium
A01283,Cattle,7.9,365.5,38.4,94.4,415.0,6.56,Healthy,Healthy
A01284,Goat,11.3,55.3,39.1,56.5,362.0,2.97,Healthy,Healthy
A01285,Goat,6.2,88.3,39.5,59.3,414.0,2.96,Healthy,Healthy
A01286,Cattle,10.7,636.6,41.2,22.7,61.0,0.58,Fever,High
A01287,Goat,8.5,15.3,39.4,98.8,347.0,3.79,Healthy,Healthy
A01288,Buffalo,15.6,707.2,39.6,84.0,116.0,0.28,Stress,Low
A01289,Buffalo,0.9,852.5,40.5,4.1,14.0,0.0,Possible Infection,High
A01290,Buffalo,0.8,516.4,40.6,18.0,87.0,,Fever,Medium
A01291,Buffalo,13.6,691.4,38.0,10.7,39.0,0.07,Inactive,Medium
A01292,Goat,5.4,63.6,42.8,10.6,39.0,0.05,Possible Infection,High
A01293,Goat,5.2,40.0,39.7,62.3,219.0,2.44,Healthy,Healthy
A01294,Cattle,4.5,519.8,42.6,8.4,14.0,0.13,Possible Infection,High
A01295,Goat,10.9,25.6,38.8,100.0,490.0,4.06,Healthy,Healthy
A01296,Buffalo,12.5,890.0,40.5,2.5,6.0,0.0,Possible Infection,High
A01297,Buffalo,3.1,770.0,38.6,41.6,263.0,1.11,Healthy,Healthy
A01298,Cattle,10.9,468.9,40.1,100.0,86.0,0.13,Stress,Low
A01299,Buffalo,2.5,637.8,41.6,19.7,34.0,0.05,Fever,High
A01300,Cattle,15.0,622.5,41.6,24.6,58.0,0.42,Fever,High
A01301,Buffalo,4.9,576.7,37.9,68.6,261.0,6.12,Healthy,Healthy
A01302,Goat,0.7,47.6,40.3,85.8,124.0,0.29,Stress,Low
A01303,Cattle,10.5,428.7,40.0,87.3,151.0,0.3,Stress,Low
A01304,Cattle,8.3,539.2,38.7,56.9,392.0,6.02,Healthy,Healthy
A01305,Cattle,13.0,709.7,38.8,76.3,437.0,1.97,Healthy,Healthy
A01306,Goat,10.2,24.0,38.7,,314.0,3.87,Healthy,Healthy
A01307,Goat,1.9,34.1,39.0,3.0,0.0,0.07,Inactive,Low
A01308,Goat,8.2,38.8,39.3,56.6,194.0,4.11,Healthy,Healthy
A01309,Cattle,8.7,757.7,38.6,6.5,7.0,0.09,Inactive,Medium
A01310,Buffalo,2.6,858.0,38.4,76.8,392.0,3.23,Healthy,Healthy
A01311,Cattle,6.7,630.2,38.3,87.4,461.0,5.41,Healthy,Healthy
A01312,Buffalo,12.1,701.6,37.8,69.4,390.0,1.68,Healthy,Healthy
A01313,Cattle,14.7,600.3,38.7,62.8,285.0,,Healthy,Healthy
A01314,Cattle,4.1,790.8,39.1,72.9,466.0,3.97,Healthy,Healthy
A01315,Cattle,4.5,328.5,40.5,20.5,58.0,0.42,Fever,Medium
A01316,Goat,3.8,31.1,38.6,61.9,396.0,2.38,Healthy,Healthy
A01317,Cattle,1.5,698.3,38.3,66.8,236.0,3.63,Healthy,Healthy
A01318,Goat,10.9,98.8,39.6,87.4,435.0,2.83,Healthy,Healthy
A01319,Buffalo,3.6,556.7,40.5,5.7,24.0,0.06,Possible Infection,High
A01320,Cattle,9.8,424.2,38.6,3.3,48.0,0.0,Inactive,Medium
A01321,Cattle,11.1,478.1,38.7,81.6,327.0,4.68,Healthy,Healthy
A01322,Buffalo,17.9,827.0,40.4,7.1,13.0,0.08,Possible Infection,High
A01323,Cattle,1.1,374.2,40.0,83.6,89.0,0.58,Stress,Medium
A01324,Cattle,6.2,524.9,39.2,72.9,202.0,3.98,Healthy,Healthy
A01325,Goat,7.7,38.5,39.4,17.4,43.0,,Inactive,Medium
A01326,Goat,8.7,94.0,38.8,14.9,36.0,0.18,Inactive,Low
A01327,Cattle,6.0,789.2,38.5,46.4,246.0,7.6,Healthy,Healthy
A01328,Cattle,9.1,749.0,39.9,100.0,124.0,0.47,Stress,Medium
A01329,Goat,7.9,42.7,39.7,53.3,225.0,0.86,Healthy,Healthy
A01330,Goat,1.3,27.6,39.5,86.3,409.0,1.85,Healthy,Healthy
A01331,Goat,8.7,77.1,39.2,66.0,421.0,2.84,Healthy,Healthy
A01332,Buffalo,8.4,852.6,38.7,42.0,311.0,6.6,Healthy,Healthy
A01333,Cattle,7.7,590.0,38.4,3.3,20.0,0.0,Inactive,Low
A01334,Buffalo,5.5,852.9,37.8,68.4,400.0,3.85,Healthy,Healthy
A01335,Cattle,14.1,339.8,41.0,31.9,70.0,0.38,Fever,High
A01336,Cattle,3.9,517.6,39.3,68.9,227.0,2.75,Healthy,Healthy
A01337,Buffalo,1.9,410.4,38.2,73.0,347.0,4.26,Healthy,Healthy
A01338,Cattle,1.9,792.4,38.2,61.4,272.0,1.49,Healthy,Healthy
A01339,Buffalo,4.6,531.7,42.3,6.4,22.0,0.22,Possible Infection,High
A01340,Cattle,9.7,488.0,38.4,45.6,427.0,7.34,Healthy,Healthy
A01341,Goat,2.9,68.2,39.0,65.8,425.0,3.47,Healthy,Healthy
A01342,Goat,4.3,85.1,38.5,74.5,345.0,3.58,Healthy,Healthy
A01343,Cattle,15.0,391.1,39.2,82.5,364.0,1.07,Healthy,Healthy
A01344,Buffalo,13.5,572.8,38.2,40.5,197.0,1.78,Healthy,Healthy
A01345,Cattle,7.5,788.2,41.9,16.1,73.0,0.12,Fever,High
A01346,Goat,1.3,80.5,39.5,95.9,370.0,3.32,Healthy,Healthy
A01347,Goat,8.8,77.7,39.7,69.2,477.0,2.02,Healthy,Healthy
A01348,Goat,7.4,39.4,39.5,89.0,430.0,2.51,Healthy,Healthy
A01349,Cattle,10.5,621.9,42.1,24.4,64.0,0.2,Fever,High
A01350,Cattle,8.2,539.3,39.9,100.0,92.0,0.5,Stress,Medium
A01351,Cattle,10.4,526.7,38.1,44.5,306.0,5.2,Healthy,Healthy
A01352,Goat,8.2,66.2,40.2,88.1,126.0,0.26,Stress,Medium
A01353,Cattle,7.1,503.2,38.1,47.0,196.0,4.0,Healthy,Healthy
A01354,Cattle,10.4,538.6,40.8,24.0,107.0,0.19,Fever,Medium
A01355,Cattle,7.3,297.3,38.0,83.6,456.0,2.17,Healthy,Healthy
A01356,Cattle,2.3,325.1,38.9,9.4,46.0,0.12,Inactive,Medium
A01357,Buffalo,7.1,610.0,38.2,11.2,34.0,0.19,Inactive,Medium
A01358,Goat,2.8,53.5,39.3,66.6,409.0,4.25,Healthy,Healthy
A01359,Cattle,11.5,483.6,38.6,71.3,274.0,5.57,Healthy,Healthy
A01360,Cattle,13.5,612.9,38.2,71.2,325.0,1.49,Healthy,Healthy
A01361,Goat,11.4,37.7,38.8,88.3,400.0,0.54,Healthy,Healthy
A01362,Buffalo,14.1,868.1,38.2,76.4,295.0,3.02,Healthy,Healthy
A01363,Cattle,14.0,636.5,38.7,89.9,277.0,2.13,Healthy,Healthy
A01364,Goat,8.5,24.0,39.8,82.8,86.0,0.25,Stress,Low
A01365,Goat,11.9,70.0,39.2,82.4,383.0,3.16,Healthy,Healthy
A01366,Cattle,5.8,544.5,38.1,90.6,411.0,6.12,Healthy,Healthy
A01367,Goat,10.3,26.5,41.8,35.2,62.0,0.16,Fever,High
A01368,Goat,1.5,71.7,39.0,53.8,451.0,1.92,Healthy,Healthy
A01369,Cattle,11.1,334.3,40.7,32.7,108.0,0.29,Fever,Medium
A01370,Cattle,12.3,482.5,38.3,0.0,29.0,0.19,Inactive,Medium
A01371,Cattle,8.1,784.3,38.2,94.9,399.0,7.0,Healthy,Healthy
A01372,Buffalo,3.4,443.7,39.5,78.1,109.0,0.42,Stress,Low
A01373,Goat,3.1,31.1,39.1,92.2,303.0,1.79,Healthy,Healthy
A01374,Goat,9.2,29.9,41.5,34.8,113.0,0.0,Fever,Medium
A01375,Cattle,10.1,542.8,38.3,64.0,183.0,1.98,Healthy,Healthy
A01376,Goat,3.1,45.2,41.1,22.6,95.0,0.13,Fever,Medium
A01377,Cattle,6.1,338.3,38.4,12.8,12.0,0.0,Inactive,Medium
A01378,Buffalo,1.3,779.9,41.5,3.5,24.0,0.18,Possible Infection,High
A01379,Cattle,11.3,685.8,40.8,26.2,65.0,0.53,Fever,Medium
A01380,Goat,2.2,47.5,39.5,69.7,409.0,2.44,Healthy,Healthy
A01381,Cattle,7.8,554.9,39.0,68.2,362.0,4.93,Healthy,Healthy
A01382,Buffalo,15.9,809.3,38.6,57.9,412.0,5.68,Healthy,Healthy
A01383,Cattle,1.6,479.7,39.3,72.1,363.0,2.4,Healthy,Healthy
A01384,Cattle,12.6,449.0,38.0,50.4,253.0,2.29,Healthy,Healthy
A01385,Cattle,10.0,605.7,38.1,2.7,10.0,0.03,Inactive,Low
A01386,Cattle,14.2,640.5,41.8,23.8,54.0,0.18,Fever,High
A01387,Cattle,0.8,461.0,40.1,92.7,90.0,0.34,Stress,Low
A01388,Cattle,8.2,358.7,39.1,14.1,13.0,0.28,Inactive,Medium
A01389,Cattle,1.2,425.4,38.5,83.2,317.0,6.55,Healthy,Healthy
A01390,Cattle,1.5,573.1,39.2,83.3,273.0,6.69,Healthy,Healthy
A01391,Goat,9.4,63.2,41.6,12.0,15.0,0.0,Possible Infection,High
A01392,Buffalo,17.1,677.2,38.4,75.6,381.0,3.56,Healthy,Healthy
A01393,Cattle,12.4,592.0,38.4,87.5,192.0,2.54,Healthy,Healthy
A01394,Goat,3.3,46.0,40.3,100.0,163.0,0.39,Stress,Medium
A01395,Goat,10.2,38.9,39.2,87.7,311.0,1.25,Healthy,Healthy
A01396,Cattle,5.7,297.7,42.4,,10.0,0.12,Possible Infection,High
A01397,Cattle,2.3,687.9,38.4,76.7,415.0,3.55,Healthy,Healthy
A01398,Goat,5.5,24.7,39.6,79.4,311.0,0.82,Healthy,Healthy
A01399,Cattle,14.0,734.8,41.0,19.7,104.0,0.22,Fever,Medium
A01400,Cattle,2.1,511.8,39.1,67.3,314.0,4.84,Healthy,Healthy
A01401,Buffalo,5.7,574.0,38.8,64.7,396.0,1.06,Healthy,Healthy
A01402,Cattle,12.7,609.0,38.9,59.7,464.0,6.04,Healthy,Healthy
A01403,Goat,2.9,70.8,39.4,59.9,442.0,4.42,Healthy,Healthy
A01404,Buffalo,16.7,666.1,38.4,38.3,175.0,0.83,Healthy,Healthy
A01405,Buffalo,5.7,813.9,40.3,23.5,43.0,0.43,Fever,Medium
A01406,Buffalo,3.1,677.6,40.5,18.0,64.0,0.09,Fever,Medium
A01407,Cattle,6.1,364.6,38.7,75.2,246.0,3.36,Healthy,Healthy
A01408,Cattle,11.9,419.4,39.3,4.1,9.0,0.12,Inactive,Medium
A01409,Cattle,7.6,318.7,38.9,76.2,233.0,2.56,Healthy,Healthy
A01410,Cattle,13.7,792.6,38.7,60.3,403.0,1.92,Healthy,Healthy
A01411,Buffalo,4.1,609.1,38.2,36.0,351.0,4.52,Healthy,Healthy
A01412,Cattle,13.8,584.0,39.8,76.2,130.0,0.32,Stress,Medium
A01413,Buffalo,12.4,562.8,41.2,13.5,34.0,0.34,Fever,High
A01414,Cattle,12.4,417.8,38.5,4.8,42.0,0.35,Inactive,Low
A01415,Goat,8.3,24.2,39.0,98.4,491.0,3.81,Healthy,Healthy
A01416,Goat,2.0,86.0,39.2,70.7,348.0,4.05,Healthy,Healthy
A01417,Goat,5.8,56.1,39.4,70.8,211.0,4.12,Healthy,Healthy
A01418,Cattle,5.6,735.3,41.0,4.0,19.0,0.16,Possible Infection,High
A01419,Buffalo,4.1,758.5,38.3,45.2,196.0,5.21,Healthy,Healthy
A01420,Cattle,6.3,593.4,38.4,85.9,223.0,3.32,Healthy,Healthy
A01421,Buffalo,9.7,659.1,38.4,49.4,402.0,5.71,Healthy,Healthy
A01422,Cattle,13.6,679.9,39.3,85.1,312.0,4.56,Healthy,Healthy
A01423,Buffalo,13.5,461.1,38.3,77.6,245.0,6.32,Healthy,Healthy
A01424,Buffalo,8.4,567.5,38.4,57.1,167.0,2.34,Healthy,Healthy
A01425,Goat,11.8,39.9,41.4,37.4,93.0,0.14,Fever,Medium
A01426,Goat,7.2,40.5,39.8,97.0,151.0,0.2,Stress,Low
A01427,Goat,4.6,53.3,43.0,0.5,10.0,0.21,Possible Infection,High
A01428,Cattle,1.3,691.2,39.9,84.9,140.0,0.73,Stress,Medium
A01429,Goat,3.6,56.0,39.6,71.1,366.0,0.49,Healthy,Healthy
A01430,Cattle,3.5,772.3,38.1,85.9,335.0,5.33,Healthy,Healthy
A01431,Goat,5.0,49.5,39.2,52.2,456.0,1.61,Healthy,Healthy
A01432,Buffalo,17.5,855.1,38.2,62.2,265.0,5.67,Healthy,Healthy
A01433,Goat,1.3,92.3,39.2,54.2,378.0,0.59,Healthy,Healthy
A01434,Cattle,9.6,680.0,38.7,88.8,198.0,7.42,Healthy,Healthy
A01435,Buffalo,16.6,526.3,37.9,46.3,280.0,5.61,Healthy,Healthy
A01436,Goat,7.9,52.5,38.8,13.0,65.0,0.19,Inactive,Low
A01437,Buffalo,17.0,744.6,38.8,81.2,268.0,1.16,Healthy,Healthy
A01438,Cattle,5.7,381.7,38.1,78.6,420.0,6.36,Healthy,Healthy
A01439,Goat,2.8,42.9,39.2,96.8,402.0,4.27,Healthy,Healthy
A01440,Goat,11.1,44.0,39.4,73.8,384.0,2.37,Healthy,Healthy
A01441,Cattle,4.6,431.4,40.0,81.5,146.0,0.37,Stress,Medium
A01442,Cattle,5.0,524.5,39.7,99.7,109.0,0.66,Stress,Low
A01443,Goat,2.6,48.4,38.7,94.9,303.0,3.39,Healthy,Healthy
A01444,Cattle,4.2,646.7,40.7,31.6,44.0,0.11,Fever,Medium
A01445,Goat,8.6,62.3,39.0,85.4,488.0,0.45,Healthy,Healthy
A01446,Buffalo,17.3,688.4,41.5,13.9,64.0,0.41,Fever,High
A01447,Buffalo,6.0,703.9,37.8,39.8,210.0,0.9,Healthy,Healthy
A01448,Goat,3.9,81.3,39.0,,57.0,0.06,Inactive,Medium
A01449,Cattle,0.6,691.1,42.0,7.0,5.0,0.1,Possible Infection,High
A01450,Buffalo,9.9,852.0,37.8,65.4,167.0,0.92,Healthy,Healthy
A01451,Buffalo,4.6,659.6,38.8,51.9,363.0,2.14,Healthy,Healthy
A01452,Cattle,9.4,387.1,40.9,11.1,0.0,0.18,Possible Infection,High
A01453,Goat,3.5,70.3,42.6,3.8,21.0,0.08,Possible Infection,High
A01454,Cattle,3.6,728.2,38.7,94.7,348.0,1.82,Healthy,Healthy
A01455,Goat,3.7,41.6,38.5,64.4,469.0,1.88,Healthy,Healthy
A01456,Cattle,11.5,662.7,39.5,76.7,131.0,0.63,Stress,Medium
A01457,Cattle,6.4,595.9,38.8,52.1,381.0,7.93,Healthy,Healthy
A01458,Cattle,7.0,369.3,41.1,8.6,13.0,0.08,Possible Infection,High
A01459,Buffalo,5.8,597.6,37.9,52.0,283.0,6.22,Healthy,Healthy
A01460,Cattle,5.7,431.8,38.7,92.7,219.0,3.56,Healthy,Healthy
A01461,Goat,6.1,39.1,39.4,50.4,362.0,2.98,Healthy,Healthy
A01462,Buffalo,5.7,851.0,39.5,77.9,70.0,0.15,Stress,Medium
A01463,Cattle,6.5,517.4,38.9,85.5,421.0,1.73,Healthy,Healthy
A01464,Goat,7.4,69.4,42.7,3.1,3.0,0.0,Possible Infection,High
A01465,Goat,6.5,88.0,39.6,11.8,18.0,0.05,Inactive,Medium
A01466,Cattle,8.5,589.5,40.8,29.7,99.0,0.4,Fever,Medium
A01467,Goat,3.3,27.4,38.7,91.8,362.0,1.62,Healthy,Healthy
A01468,Buffalo,12.3,544.5,38.3,11.4,12.0,0.16,Inactive,Medium
A01469,Goat,9.1,34.2,39.1,93.3,197.0,2.61,Healthy,Healthy
A01470,Cattle,0.7,725.6,41.6,25.8,90.0,0.15,Fever,High
A01471,Cattle,5.2,673.6,39.6,90.7,123.0,0.0,Stress,Medium
A01472,Goat,6.0,51.9,40.0,87.3,135.0,0.22,Stress,Low
A01473,Buffalo,5.8,856.8,38.6,42.3,380.0,4.77,Healthy,Healthy
A01474,Buffalo,10.6,535.2,38.8,2.1,22.0,0.45,Inactive,Medium
A01475,Cattle,0.8,429.6,38.1,80.1,449.0,7.51,Healthy,Healthy
A01476,Buffalo,13.2,877.5,38.6,9.9,16.0,0.17,Inactive,Low
A01477,Cattle,4.3,747.8,39.7,77.3,159.0,0.15,Stress,Low
A01478,Cattle,1.0,786.9,39.5,81.6,122.0,0.1,Stress,Medium
A01479,Goat,10.4,57.9,39.5,87.0,351.0,3.96,Healthy,Healthy
A01480,Buffalo,6.7,691.0,40.3,17.5,54.0,0.05,Fever,Medium
A01481,Cattle,2.2,376.5,38.4,67.8,451.0,2.4,Healthy,Healthy
A01482,Cattle,9.6,383.2,42.0,5.0,5.0,0.0,Possible Infection,High
A01483,Cattle,8.5,629.6,40.3,13.7,101.0,0.46,Fever,Medium
A01484,Goat,10.4,71.4,38.8,67.7,216.0,0.53,Healthy,Healthy
A01485,Buffalo,3.8,814.7,41.8,24.8,71.0,0.17,Fever,High
A01486,Cattle,14.8,726.3,38.1,94.4,400.0,1.5,Healthy,Healthy
A01487,Cattle,0.6,781.1,38.5,51.4,413.0,1.38,Healthy,Healthy
A01488,Buffalo,10.2,564.6,41.7,11.4,61.0,0.43,Fever,High
A01489,Cattle,5.5,417.4,38.4,89.7,400.0,2.99,Healthy,Healthy
A01490,Goat,10.4,26.2,39.7,96.0,307.0,3.41,Healthy,Healthy
A01491,Goat,4.9,75.9,39.0,10.0,30.0,0.09,Inactive,Low
A01492,Buffalo,12.9,410.1,39.5,96.7,90.0,0.54,Stress,Medium
A01493,Cattle,4.7,488.9,39.3,62.0,314.0,1.67,Healthy,Healthy
A01494,Cattle,11.8,325.8,39.7,100.0,107.0,0.11,Stress,Low
A01495,Cattle,10.8,524.5,42.8,7.3,7.0,0.05,Possible Infection,High
A01496,Buffalo,12.9,617.8,38.5,42.4,218.0,5.73,Healthy,Healthy
A01497,Buffalo,8.6,841.4,37.8,48.2,250.0,1.0,Healthy,Healthy
A01498,Goat,0.3,71.4,42.0,2.2,9.0,0.11,Possible Infection,High
A01499,Cattle,5.8,795.8,38.6,66.7,303.0,6.85,Healthy,Healthy
A01500,Cattle,1.4,566.8,40.2,14.6,82.0,0.15,Fever,Medium
A01501,Buffalo,11.9,708.7,38.4,82.5,287.0,1.62,Healthy,Healthy
A01502,Cattle,7.3,344.8,39.0,86.3,470.0,2.11,Healthy,Healthy
A01503,Cattle,10.0,648.9,39.3,49.8,479.0,6.86,Healthy,Healthy
A01504,Goat,8.4,66.9,38.8,63.0,300.0,3.87,Healthy,Healthy
A01505,Goat,9.1,52.7,42.1,0.0,29.0,0.08,Possible Infection,High
A01506,Cattle,11.6,406.7,38.7,4.4,48.0,0.11,Inactive,Low
A01507,Cattle,8.5,613.7,42.6,9.0,38.0,0.0,Possible Infection,High
A01508,Buffalo,17.4,625.2,38.7,11.8,29.0,0.0,Inactive,Medium
A01509,Goat,2.5,58.0,38.9,98.7,472.0,1.96,Healthy,Healthy
A01510,Cattle,3.9,536.8,39.0,81.9,,3.85,Healthy,Healthy
A01511,Buffalo,10.4,797.4,39.3,86.2,115.0,0.22,Stress,Medium
A01512,Goat,1.4,43.2,39.2,91.1,491.0,0.9,Healthy,Healthy
A01513,Cattle,9.0,669.6,38.6,81.1,215.0,2.15,Healthy,Healthy
A01514,Cattle,13.8,517.5,38.8,69.4,298.0,2.49,Healthy,Healthy
A01515,Goat,2.2,39.7,41.2,12.8,14.0,0.11,Possible Infection,High
A01516,Buffalo,6.2,520.3,38.4,57.9,394.0,3.74,Healthy,Healthy
A01517,Cattle,9.2,603.3,39.7,76.8,141.0,0.17,Stress,Medium
A01518,Buffalo,7.0,861.5,38.3,76.1,400.0,6.36,Healthy,Healthy
A01519,Cattle,7.8,489.8,41.4,5.1,10.0,0.0,Possible Infection,High
A01520,Cattle,14.6,475.0,39.7,94.9,139.0,0.6,Stress,Medium
A01521,Buffalo,2.7,637.3,38.8,,262.0,1.53,Healthy,Healthy
A01522,Cattle,9.8,470.1,38.1,12.7,,0.32,Inactive,Medium
A01523,Cattle,13.9,642.7,38.3,57.8,245.0,5.46,Healthy,Healthy
A01524,Cattle,2.3,722.3,38.9,52.1,287.0,2.93,Healthy,Healthy
A01525,Cattle,13.3,776.3,38.0,,11.0,0.18,Inactive,Medium
A01526,Cattle,13.5,369.2,38.8,88.8,455.0,6.53,Healthy,Healthy
A01527,Goat,1.3,62.2,38.5,15.8,14.0,0.11,Inactive,Medium
A01528,Goat,2.2,19.1,41.9,28.5,92.0,0.28,Fever,High
A01529,Buffalo,16.8,681.8,41.6,4.6,29.0,0.11,Possible Infection,High
A01530,Goat,1.6,83.0,39.1,57.9,237.0,1.1,Healthy,Healthy
A01531,Cattle,7.6,658.1,39.0,1.4,54.0,0.2,Inactive,Medium
A01532,Cattle,6.8,626.3,38.3,11.5,53.0,0.31,Inactive,Medium
A01533,Cattle,12.5,394.2,40.1,100.0,157.0,0.09,Stress,Medium
A01534,Buffalo,0.9,459.2,38.3,49.7,356.0,1.31,Healthy,Healthy
A01535,Cattle,5.3,596.6,41.8,6.3,5.0,0.13,Possible Infection,High
A01536,Goat,9.8,28.5,39.9,100.0,164.0,0.27,Stress,Low
A01537,Goat,0.4,49.1,39.1,70.7,468.0,0.38,Healthy,Healthy
A01538,Cattle,9.9,577.9,38.1,72.7,420.0,,Healthy,Healthy
A01539,Cattle,9.8,353.6,41.9,5.1,18.0,0.0,Possible Infection,High
A01540,Cattle,13.6,428.7,38.1,9.7,55.0,0.25,Inactive,Low
A01541,Buffalo,16.9,727.0,38.7,75.5,242.0,6.38,Healthy,Healthy
A01542,Goat,7.4,86.9,40.0,90.4,129.0,0.37,Stress,Low
A01543,Goat,9.6,77.4,39.6,12.5,19.0,0.07,Inactive,Medium
A01544,Goat,7.6,64.4,39.4,61.0,290.0,2.38,Healthy,Healthy
A01545,Goat,9.3,50.4,39.0,88.9,228.0,3.07,Healthy,Healthy
A01546,Buffalo,11.2,708.4,41.9,1.2,23.0,0.14,Possible Infection,High
A01547,Goat,5.5,57.9,42.0,8.1,31.0,0.19,Possible Infection,High
A01548,Buffalo,13.0,675.5,39.6,69.9,57.0,0.01,Stress,Low
A01549,Cattle,7.4,566.0,38.1,10.6,30.0,0.17,Inactive,Low
A01550,Goat,2.9,57.6,38.6,98.0,448.0,3.54,Healthy,Healthy
A01551,Goat,12.0,61.3,40.2,100.0,84.0,0.25,Stress,Low
A01552,Cattle,1.5,551.5,38.8,61.8,381.0,1.26,Healthy,Healthy
A01553,Goat,4.0,38.9,38.7,50.2,425.0,0.58,Healthy,Healthy
A01554,Buffalo,13.3,436.1,39.2,77.4,73.0,0.32,Stress,Medium
A01555,Cattle,13.3,386.8,39.0,4.1,28.0,0.22,Inactive,Medium
A01556,Goat,9.9,41.3,39.0,,338.0,1.32,Healthy,Healthy
A01557,Goat,1.2,88.7,39.8,100.0,143.0,0.18,Stress,Medium
A01558,Cattle,8.5,750.5,39.2,47.4,211.0,2.54,Healthy,Healthy
A01559,Buffalo,6.4,750.8,37.9,49.6,181.0,3.54,Healthy,Healthy
A01560,Cattle,3.0,296.3,42.0,32.1,48.0,0.35,Fever,High
A01561,Cattle,5.3,690.9,39.3,45.0,370.0,6.18,Healthy,Healthy
A01562,Cattle,6.3,757.5,38.5,87.3,446.0,4.62,Healthy,Healthy
A01563,Cattle,2.4,451.2,39.2,78.4,466.0,6.58,Healthy,Healthy
A01564,Goat,0.4,73.2,38.9,,443.0,2.88,Healthy,Healthy
A01565,Cattle,12.0,512.2,38.8,69.8,231.0,4.49,Healthy,Healthy
A01566,Goat,10.2,39.5,41.9,34.9,75.0,0.02,Fever,High
A01567,Cattle,13.1,616.5,41.2,2.8,27.0,0.17,Possible Infection,High
A01568,Cattle,9.6,531.2,38.3,61.7,277.0,1.79,Healthy,Healthy
A01569,Cattle,9.3,643.4,38.9,49.9,398.0,6.13,Healthy,Healthy
A01570,Cattle,10.8,694.4,38.1,12.6,21.0,0.12,Inactive,Low
A01571,Goat,3.1,80.4,42.8,1.2,24.0,0.12,Possible Infection,High
A01572,Goat,5.3,78.8,42.8,8.6,5.0,0.0,Possible Infection,High
A01573,Buffalo,12.2,437.8,38.0,76.1,173.0,3.22,Healthy,Healthy
A01574,Cattle,9.7,400.6,39.6,100.0,99.0,0.35,Stress,Medium
A01575,Cattle,4.9,460.8,39.0,45.5,214.0,6.8,Healthy,Healthy
A01576,Goat,7.3,58.5,39.7,91.7,280.0,3.42,Healthy,Healthy
A01577,Cattle,12.4,361.8,38.1,87.5,431.0,6.23,Healthy,Healthy
A01578,Buffalo,2.2,544.1,38.9,5.2,40.0,0.13,Inactive,Medium
A01579,Goat,2.7,62.6,38.9,62.5,320.0,3.48,Healthy,Healthy
A01580,Cattle,1.6,670.6,39.1,74.4,197.0,7.27,Healthy,Healthy
A01581,Cattle,6.3,760.7,38.8,79.7,226.0,3.47,Healthy,Healthy
A01582,Buffalo,6.4,713.8,37.8,44.7,305.0,1.1,Healthy,Healthy
A01583,Cattle,7.8,599.3,38.9,12.5,48.0,0.22,Inactive,Medium
A01584,Buffalo,0.8,630.7,38.7,0.8,0.0,0.18,Inactive,Medium
A01585,Goat,4.9,68.3,39.4,71.1,239.0,1.46,Healthy,Healthy
A01586,Goat,2.4,41.1,38.6,67.9,225.0,1.85,Healthy,Healthy
A01587,Cattle,14.6,576.7,38.5,91.4,258.0,3.77,Healthy,Healthy
A01588,Cattle,14.6,609.1,39.1,68.2,323.0,4.13,Healthy,Healthy
A01589,Cattle,14.1,461.2,39.1,92.5,362.0,7.21,Healthy,Healthy
A01590,Goat,10.0,46.4,39.3,6.6,51.0,0.1,Inactive,Medium
A01591,Cattle,7.1,666.4,38.3,66.0,255.0,3.49,Healthy,Healthy
A01592,Cattle,4.7,659.7,42.2,3.8,35.0,0.0,Possible Infection,High
A01593,Cattle,5.9,619.3,38.8,65.1,279.0,1.65,Healthy,Healthy
A01594,Cattle,1.6,597.9,38.2,67.0,288.0,6.8,Healthy,Healthy
A01595,Goat,5.1,55.6,42.3,18.3,78.0,0.2,Fever,High
A01596,Cattle,10.1,791.5,38.1,67.4,235.0,6.08,Healthy,Healthy
A01597,Goat,1.0,57.6,38.6,57.0,425.0,2.89,Healthy,Healthy
A01598,Cattle,8.9,361.3,39.8,100.0,110.0,0.61,Stress,Low
A01599,Buffalo,4.9,538.0,38.1,86.7,329.0,3.24,Healthy,Healthy
A01600,Cattle,2.8,763.5,38.8,80.4,349.0,2.97,Healthy,Healthy
